Dấu thời gian,doi_tuong,dia_diem,mon_gioi,mon_yeu,diem_gan_nhat,to_hop_clean,diem_du_doan,muc_dich,target_list,khao_khat_clean
2026/03/24 7:09:52 CH GMT+7,Lớp 12,Miền Nam,[],[],[8.0 - 9.0),['A00'],[24 - 27),Xét tuyển bằng điểm thi THPTQG,"['Vị thế tương đối', 'Xác suất ""an toàn""']",
2026/03/24 10:27:40 CH GMT+7,Lớp 11,Miền Nam,[],[],[8.0 - 9.0),['A01'],[24 - 27),Xét tuyển bằng điểm thi THPTQG,"['Vị thế tương đối', 'Xác suất ""an toàn""', 'So sánh tổ hợp']",em mong muốn được vỡ oà cảm xúc sau những chặng đường dài mà em đã mỏi mệt trải qua để có được số điểm mong muốnp
2026/03/24 10:28:35 CH GMT+7,Lớp 12,Miền Nam,[],[],[8.0 - 9.0),"['D01', 'A01']",[18 - 21),Xét tuyển bằng điểm thi THPTQG,"['Xác suất ""an toàn""']",Biết mình đậu hay ki
2026/03/25 5:50:08 CH GMT+7,Đã tốt nghiệp THPT,Miền Trung,[],[],[9.0 - 10.0],['A00'],[27 - 30),Lấy điểm để đi du học hoặc xét tuyển riêng.,['Phân tích phổ điểm'],Nụ cười của cha mẹ
2026/03/26 11:29:09 SA GMT+7,Đã tốt nghiệp THPT,Miền Trung,"['Hóa', 'Toán']","['Sinh', 'Văn', 'Anh']",[8.0 - 9.0),['A00'],[24 - 27),Xét tuyển bằng điểm thi THPTQG,"['Phân tích phổ điểm', 'So sánh tổ hợp']",
2026/03/26 11:40:45 SA GMT+7,Đã tốt nghiệp THPT,Miền Nam,"['Hóa', 'Lý']","['Anh', 'Toán']",[8.0 - 9.0),['A00'],[24 - 27),Xét tuyển bằng điểm thi THPTQG,"['Vị thế tương đối', 'Xác suất ""an toàn""', 'Thứ hạng ước tính', 'Phân tích phổ điểm']",
2026/03/26 12:43:13 CH GMT+7,Lớp 10,Miền Bắc,"['Sinh', 'Hóa']","['Lý', 'Công nghệ công nghiệp', 'Sử', 'Anh', 'Toán', 'Địa', 'GDKT&PL (Hoặc GDCD)', 'Tin', 'Văn', 'Công nghệ nông nghiệp']",[8.0 - 9.0),['A00'],[27 - 30),Khác,"['Thứ hạng ước tính', 'Phân tích phổ điểm']",Muốn biết có đứng top 10 toàn quốc không?
2026/03/26 1:59:22 CH GMT+7,Đã tốt nghiệp THPT,Miền Nam,[],"['Văn', 'Lý', 'Anh', 'Toán']",[6.0 - 7.0),"['A01', 'C01']",[18 - 21),Xét tuyển bằng điểm thi THPTQG,"['Xác suất ""an toàn""']",
2026/03/26 7:19:06 CH GMT+7,Đã tốt nghiệp THPT,Miền Nam,"['Tin', 'Lý', 'Toán']",['Anh'],[8.0 - 9.0),['A00'],[24 - 27),Xét tuyển bằng điểm thi THPTQG,"['Xác suất ""an toàn""']",Có
2026/03/30 12:39:36 CH GMT+7,Đã tốt nghiệp THPT,Miền Bắc,"['Văn', 'Toán']",['Anh'],[8.0 - 9.0),['INVALID'],[24 - 27),Xét tuyển bằng điểm thi THPTQG,"['Thứ hạng ước tính', 'Phân tích phổ điểm']",
2026/03/30 1:24:00 CH GMT+7,Đã tốt nghiệp THPT,Miền Nam,"['Văn', 'Toán']",['Anh'],[8.0 - 9.0),['INVALID'],[24 - 27),Xét tuyển bằng điểm thi THPTQG,"['Vị thế tương đối', 'Xác suất ""an toàn""']",
2026/03/30 2:19:26 CH GMT+7,Lớp 12,Miền Trung,"['Địa', 'Văn', 'Sử']",['Anh'],[7.0 - 8.0),['INVALID'],[21 - 24),Xét tuyển bằng điểm thi THPTQG,"['Vị thế tương đối', 'Xác suất ""an toàn""', 'Phân tích phổ điểm', 'So sánh tổ hợp']",
2026/03/30 4:18:40 CH GMT+7,Đã tốt nghiệp THPT,Miền Trung,"['Sinh', 'Văn', 'Anh', 'Toán']","['Hóa', 'Lý']",[9.0 - 10.0],['INVALID'],[24 - 27),Chỉ để xét tốt nghiệp THPT / Thi cho có,"['Xác suất ""an toàn""']",
2026/03/30 4:42:21 CH GMT+7,Đã tốt nghiệp THPT,Miền Bắc,"['Lý', 'Anh', 'Toán', 'Hóa', 'Văn']","['Công nghệ công nghiệp', 'Sinh', 'Sử', 'GDKT&PL (Hoặc GDCD)', 'Địa', 'Công nghệ nông nghiệp']",[8.0 - 9.0),"['D07', 'A01']",[24 - 27),Lấy điểm để đi du học hoặc xét tuyển riêng.,"['Vị thế tương đối', 'Xác suất ""an toàn""']",
2026/03/30 4:53:15 CH GMT+7,Lớp 12,Miền Nam,"['Văn', 'Anh', 'Toán']","['Lý', 'Tin']",[8.0 - 9.0),['D01'],[27 - 30],Xét tuyển bằng điểm thi THPTQG,"['Xác suất ""an toàn""']",
2026/03/30 7:39:49 CH GMT+7,Đã tốt nghiệp THPT,Miền Bắc,"['Anh', 'Toán']","['Sinh', 'Hóa', 'Lý']",[8.0 - 9.0),['INVALID'],[24 - 27),Xét tuyển bằng điểm thi THPTQG,"['Xác suất ""an toàn""', 'Thứ hạng ước tính', 'Phân tích phổ điểm']",
2026/03/30 8:09:04 CH GMT+7,Đã tốt nghiệp THPT,Miền Nam,[],[],[9.0 - 10.0],"['A00', 'D07']",[24 - 27),Xét tuyển bằng điểm thi THPTQG,"['Vị thế tương đối', 'Thứ hạng ước tính', 'So sánh tổ hợp']",
2026/03/30 10:01:48 CH GMT+7,Lớp 12,Miền Nam,"['Địa', 'Văn', 'Sử', 'Anh']",['Toán'],[8.0 - 9.0),['INVALID'],[21 - 24),Xét tuyển bằng điểm thi THPTQG,"['Vị thế tương đối', 'Xác suất ""an toàn""', 'Thứ hạng ước tính', 'Phân tích phổ điểm', 'So sánh tổ hợp']",
2026/03/30 10:06:35 CH GMT+7,Đã tốt nghiệp THPT,Miền Bắc,"['Văn', 'Anh']","['Hóa', 'Lý', 'Toán']",[8.0 - 9.0),['D01'],[24 - 27),Lấy điểm để đi du học hoặc xét tuyển riêng.,"['Xác suất ""an toàn""', 'Phân tích phổ điểm']",
2026/03/30 10:57:54 CH GMT+7,Đã tốt nghiệp THPT,Miền Nam,"['Hóa', 'Anh']",['Văn'],[8.0 - 9.0),['D07'],[24 - 27),Xét tuyển bằng điểm thi THPTQG,['Vị thế tương đối'],top 1 trường
2026/03/31 8:45:56 SA GMT+7,Đã tốt nghiệp THPT,Miền Trung,"['Văn', 'Toán']","['Sinh', 'Lý']",[8.0 - 9.0),['INVALID'],[27 - 30],Xét tuyển bằng điểm thi THPTQG,"['Vị thế tương đối', 'Xác suất ""an toàn""', 'Thứ hạng ước tính', 'Phân tích phổ điểm', 'So sánh tổ hợp']",
2026/03/31 9:00:23 SA GMT+7,Lớp 12,Miền Bắc,"['Hóa', 'Lý', 'Toán']","['Sinh', 'Văn', 'Anh']",[8.0 - 9.0),['A00'],[24 - 27),Xét tuyển bằng điểm thi THPTQG,"['Xác suất ""an toàn""', 'Thứ hạng ước tính', 'So sánh tổ hợp']",
2026/04/01 10:45:20 CH GMT+7,Đã tốt nghiệp THPT,Miền Trung,"['Văn', 'Toán']","['Sinh', 'Hóa', 'Anh']",[8.0 - 9.0),['INVALID'],[27 - 30],Xét tuyển bằng điểm thi THPTQG,"['Vị thế tương đối', 'Xác suất ""an toàn""']",
2026/04/02 8:08:15 SA GMT+7,Lớp 10,Miền Bắc,"['Văn', 'Anh']","['Sinh', 'Hóa', 'Lý', 'Toán']",[9.0 - 10.0],['INVALID'],[18 - 21),Lấy điểm để đi du học hoặc xét tuyển riêng.,"['Xác suất ""an toàn""', 'Thứ hạng ước tính']",muốn biết mình thuộc top bao nhiêu
2026/04/02 9:00:02 SA GMT+7,Đã tốt nghiệp THPT,Miền Nam,"['Sinh', 'Văn', 'Hóa', 'Toán']","['GDKT&PL (Hoặc GDCD)', 'Địa', 'Anh']",[7.0 - 8.0),['B00'],[21 - 24),Xét tuyển bằng điểm thi THPTQG,['Thứ hạng ước tính'],
2026/04/02 9:01:24 SA GMT+7,Lớp 10,Miền Nam,"['Văn', 'Lý', 'Anh', 'Toán']",[],[9.0 - 10.0],['A00'],[24 - 27),Xét tuyển bằng điểm thi THPTQG,"['Xác suất ""an toàn""']",
2026/04/02 9:02:39 SA GMT+7,Lớp 10,Miền Nam,"['Sinh', 'Hóa']",['Toán'],Mình đang là học sinh lớp 10 nên chưa biết,['B00'],[24 - 27),Xét tuyển bằng điểm thi THPTQG,"['Xác suất ""an toàn""', 'Phân tích phổ điểm']",muốn biết mình có thuộc top không
2026/04/02 10:08:31 SA GMT+7,Lớp 10,Miền Bắc,"['Văn', 'Anh']","['Sinh', 'Hóa', 'Lý', 'Toán']",[8.0 - 9.0),['INVALID'],[18 - 21),Lấy điểm để đi du học hoặc xét tuyển riêng.,"['Xác suất ""an toàn""', 'Thứ hạng ước tính']",muốn biết mình top mấy
2026/04/02 10:44:52 SA GMT+7,Lớp 10,Miền Nam,['Sử'],['Toán'],[7.0 - 8.0),['INVALID'],[24 - 27),Lấy điểm để đi du học hoặc xét tuyển riêng.,"['Xác suất ""an toàn""']",So sánh điểm với bạn bè
2026/04/02 10:45:31 SA GMT+7,Lớp 10,Miền Nam,"['Địa', 'Văn', 'Toán']","['Sinh', 'Hóa', 'Lý']",Mình đang là học sinh lớp 10 nên chưa biết,['INVALID'],Khác,Khác,['Vị thế tương đối'],mình muốn vào được trường mình mong muốn
2026/04/02 10:46:45 SA GMT+7,Lớp 10,Miền Bắc,"['Địa', 'Anh']","['GDKT&PL (Hoặc GDCD)', 'Lý', 'Tin']",Mình ngại lắm / Không muốn trả lời,['D01'],[21 - 24),Xét tuyển bằng điểm thi THPTQG,"['Xác suất ""an toàn""']",
2026/04/02 10:46:47 SA GMT+7,Lớp 10,Miền Nam,"['Địa', 'Văn', 'Sử', 'Toán']","['Sinh', 'Hóa', 'Lý', 'Tin']",Mình đang là học sinh lớp 10 nên chưa biết,['INVALID'],Khác,Khác,['Vị thế tương đối'],đạt được mục tiêu mình muốn
2026/04/02 10:55:42 SA GMT+7,Lớp 10,Miền Nam,['Văn'],['Toán'],[5.0 - 6.0),['INVALID'],[21 - 24),Khác,"['Xác suất ""an toàn""']",Có đủ điểm đậu không
2026/04/02 11:14:58 SA GMT+7,Lớp 12,Miền Nam,"['Hóa', 'Lý', 'Toán']",[],[8.0 - 9.0),['A00'],[21 - 24),Xét tuyển bằng điểm thi THPTQG,"['Vị thế tương đối', 'Xác suất ""an toàn""', 'Phân tích phổ điểm']",
2026/04/02 11:15:48 SA GMT+7,Lớp 10,Miền Nam,"['Hóa', 'Toán']",['Lý'],Mình đang là học sinh lớp 10 nên chưa biết,['INVALID'],[24 - 27),Xét tuyển bằng điểm thi THPTQG,"['Xác suất ""an toàn""', 'Thứ hạng ước tính', 'Phân tích phổ điểm']",muon đỗ nv1😭
2026/04/02 11:20:40 SA GMT+7,Đã tốt nghiệp THPT,Miền Nam,"['Địa', 'Văn', 'Sử', 'GDKT&PL (Hoặc GDCD)']","['Anh', 'Toán']",[7.0 - 8.0),['C00'],[21 - 24),Xét tuyển bằng điểm thi THPTQG,"['Xác suất ""an toàn""', 'So sánh tổ hợp']",
2026/04/02 11:22:16 SA GMT+7,Lớp 10,Miền Nam,['Toán'],['Anh'],[9.0 - 10.0],['INVALID'],[24 - 27),Xét tuyển bằng điểm thi THPTQG,['Vị thế tương đối'],
2026/04/02 11:28:19 SA GMT+7,Lớp 10,Miền Nam,['Văn'],['Anh'],[7.0 - 8.0),['C00'],[21 - 24),Xét tuyển bằng điểm thi THPTQG,['Thứ hạng ước tính'],
2026/04/02 11:28:40 SA GMT+7,Lớp 10,Miền Nam,['Văn'],['Lý'],Mình ngại lắm / Không muốn trả lời,['D01'],[24 - 27),Đủ điều kiện xét học bạ / ĐGNL,['Thứ hạng ước tính'],
2026/04/02 11:29:28 SA GMT+7,Lớp 10,Miền Nam,['Toán'],['Anh'],Mình đang là học sinh lớp 10 nên chưa biết,['INVALID'],[21 - 24),Xét tuyển bằng điểm thi THPTQG,['Phân tích phổ điểm'],
2026/04/02 11:29:51 SA GMT+7,Đã tốt nghiệp THPT,Miền Nam,"['Hóa', 'Anh', 'Toán']","['GDKT&PL (Hoặc GDCD)', 'Văn', 'Tin']",Mình đang là học sinh lớp 10 nên chưa biết,['INVALID'],[24 - 27),Lấy điểm để đi du học hoặc xét tuyển riêng.,"['Xác suất ""an toàn""']",
2026/04/02 11:29:52 SA GMT+7,Lớp 10,Miền Nam,"['Hóa', 'Anh', 'Tin']","['Sinh', 'Văn', 'Lý', 'Toán']",[8.0 - 9.0),['INVALID'],[21 - 24),Khác,"['Xác suất ""an toàn""']",vào được sư phạm anh văn
2026/04/02 11:30:13 SA GMT+7,Lớp 10,Miền Nam,"['Sinh', 'Văn', 'Anh']","['Hóa', 'Lý']",[9.0 - 10.0],['D01'],[24 - 27),Xét tuyển bằng điểm thi THPTQG,"['Vị thế tương đối', 'Xác suất ""an toàn""', 'Phân tích phổ điểm']",
2026/04/02 11:30:43 SA GMT+7,Lớp 12,Miền Nam,"['Văn', 'Sử', 'Anh']",['Toán'],[7.0 - 8.0),['D14'],[21 - 24),Lấy điểm để đi du học hoặc xét tuyển riêng.,"['Xác suất ""an toàn""']",
2026/04/02 11:30:49 SA GMT+7,Lớp 10,Miền Nam,['Văn'],['Toán'],[6.0 - 7.0),['C00'],[18 - 21),Xét tuyển bằng điểm thi THPTQG,"['Xác suất ""an toàn""']",
2026/04/02 11:31:41 SA GMT+7,Lớp 10,Miền Nam,"['Sinh', 'Hóa', 'Toán']","['Lý', 'Anh', 'Toán']",[8.0 - 9.0),['INVALID'],[21 - 24),Lấy điểm để đi du học hoặc xét tuyển riêng.,"['Xác suất ""an toàn""']",
2026/04/02 11:31:47 SA GMT+7,Lớp 11,Miền Nam,"['Sinh', 'Văn', 'Sử', 'GDKT&PL (Hoặc GDCD)']","['Hóa', 'Lý', 'Toán']",[6.0 - 7.0),['C00'],[18 - 21),Đủ điều kiện xét học bạ / ĐGNL,"['Xác suất ""an toàn""']",
2026/04/02 11:32:24 SA GMT+7,Lớp 10,Miền Nam,['Hóa'],"['Lý', 'Toán']",[9.0 - 10.0],['INVALID'],[24 - 27),Xét tuyển bằng điểm thi THPTQG,"['Xác suất ""an toàn""']",
2026/04/02 11:33:12 SA GMT+7,Lớp 10,Miền Nam,"['Văn', 'Toán']",['Anh'],[9.0 - 10.0],['INVALID'],[21 - 24),Xét tuyển bằng điểm thi THPTQG,"['Xác suất ""an toàn""']",
2026/04/02 11:33:33 SA GMT+7,Đã tốt nghiệp THPT,Miền Nam,"['Hóa', 'Lý', 'Anh', 'Toán']","['Văn', 'Tin']",Mình ngại lắm / Không muốn trả lời,['INVALID'],[24 - 27),Lấy điểm để đi du học hoặc xét tuyển riêng.,"['Xác suất ""an toàn""']",
2026/04/02 11:34:06 SA GMT+7,Lớp 10,Miền Nam,"['Văn', 'Hóa', 'Lý']","['Anh', 'Toán']",Mình đang là học sinh lớp 10 nên chưa biết,"['A00', 'D07']",[24 - 27),Xét tuyển bằng điểm thi THPTQG,"['Xác suất ""an toàn""']",
2026/04/02 11:35:26 SA GMT+7,Lớp 10,Miền Nam,"['Địa', 'Văn', 'Sử']","['Hóa', 'Anh', 'Toán']",[7.0 - 8.0),['INVALID'],[27 - 30],Đủ điều kiện xét học bạ / ĐGNL,"['Xác suất ""an toàn""']",Muốn biết mình có đậu trường mình muốn hay khonho
2026/04/02 11:35:52 SA GMT+7,Lớp 10,Miền Nam,"['Văn', 'Lý', 'Anh']",['Toán'],[8.0 - 9.0),"['D01', 'A01']",[24 - 27),Xét tuyển bằng điểm thi THPTQG,"['Vị thế tương đối', 'Xác suất ""an toàn""']",Thành công hơn nữa
2026/04/02 11:36:43 SA GMT+7,Lớp 10,Miền Nam,"['GDKT&PL (Hoặc GDCD)', 'Văn', 'Anh']",['Lý'],[9.0 - 10.0],['INVALID'],[24 - 27),Xét tuyển bằng điểm thi THPTQG,"['Xác suất ""an toàn""']",Đủ điểm đậu ngành mong muốn
2026/04/02 11:37:03 SA GMT+7,Lớp 10,Miền Nam,['Sinh'],"['Hóa', 'Toán']",[7.0 - 8.0),['INVALID'],[27 - 30],Chỉ để xét tốt nghiệp THPT / Thi cho có,"['Vị thế tương đối', 'Xác suất ""an toàn""']",
2026/04/02 11:37:04 SA GMT+7,Lớp 12,Miền Nam,"['Lý', 'Anh', 'Toán']","['Sinh', 'Hóa', 'Sử']",[8.0 - 9.0),['INVALID'],[21 - 24),Xét tuyển bằng điểm thi THPTQG,"['Xác suất ""an toàn""']",
2026/04/02 11:38:04 SA GMT+7,Lớp 10,Miền Nam,['Anh'],['Toán'],Mình đang là học sinh lớp 10 nên chưa biết,['D01'],[15 - 18),Đủ điều kiện xét học bạ / ĐGNL,"['Xác suất ""an toàn""']",Mình muốn biết điểm mình có đủ tốt chưa
2026/04/02 11:38:16 SA GMT+7,Lớp 10,Miền Nam,[],[],[9.0 - 10.0],['A00'],[27 - 30],Chỉ để xét tốt nghiệp THPT / Thi cho có,['Vị thế tương đối'],Top 1 tphcm
2026/04/02 11:39:05 SA GMT+7,Lớp 10,Miền Nam,['Văn'],['Lý'],Mình ngại lắm / Không muốn trả lời,['INVALID'],[24 - 27),Xét tuyển bằng điểm thi THPTQG,"['Xác suất ""an toàn""']",
2026/04/02 11:39:38 SA GMT+7,Lớp 11,Miền Nam,['Hóa'],"['Lý', 'Toán']",[9.0 - 10.0],['INVALID'],[24 - 27),Xét tuyển bằng điểm thi THPTQG,"['Vị thế tương đối', 'Xác suất ""an toàn""', 'Thứ hạng ước tính', 'Phân tích phổ điểm', 'So sánh tổ hợp']",
2026/04/02 11:40:04 SA GMT+7,Lớp 10,Miền Nam,['Hóa'],"['Lý', 'Toán']",[9.0 - 10.0],['INVALID'],[24 - 27),Xét tuyển bằng điểm thi THPTQG,"['Xác suất ""an toàn""']",
2026/04/02 11:41:08 SA GMT+7,Lớp 10,Miền Nam,"['Hóa', 'Lý', 'Toán']","['Văn', 'Công nghệ công nghiệp', 'Sử', 'GDKT&PL (Hoặc GDCD)', 'Địa', 'Công nghệ nông nghiệp']",Mình đang là học sinh lớp 10 nên chưa biết,['A00'],[24 - 27),Xét tuyển bằng điểm thi THPTQG,['Phân tích phổ điểm'],Muốn biết mình có thuộc Top 100 của tỉnh không
2026/04/02 11:41:17 SA GMT+7,Lớp 10,Miền Nam,"['Sinh', 'Hóa']",['Toán'],[7.0 - 8.0),['B00'],[18 - 21),Xét tuyển bằng điểm thi THPTQG,['Vị thế tương đối'],
2026/04/02 11:42:02 SA GMT+7,Lớp 10,Miền Nam,"['Sinh', 'Hóa']",['Lý'],[8.0 - 9.0),['INVALID'],[24 - 27),Khác,"['Xác suất ""an toàn""']",
2026/04/02 11:42:26 SA GMT+7,Đã tốt nghiệp THPT,Miền Nam,"['Lý', 'Công nghệ công nghiệp']",['Địa'],[9.0 - 10.0],['INVALID'],[18 - 21),Lấy điểm để đi du học hoặc xét tuyển riêng.,['Thứ hạng ước tính'],
2026/04/02 11:42:38 SA GMT+7,Lớp 10,Miền Nam,"['Địa', 'Anh']","['Sinh', 'Sử']",[8.0 - 9.0),['INVALID'],[24 - 27),Lấy điểm để đi du học hoặc xét tuyển riêng.,['Phân tích phổ điểm'],
2026/04/02 11:42:43 SA GMT+7,Lớp 12,Miền Nam,['Địa'],"['Văn', 'Sử', 'Toán']",[8.0 - 9.0),"['C00', 'C04', 'A07']",[24 - 27),Xét tuyển bằng điểm thi THPTQG,"['Vị thế tương đối', 'Xác suất ""an toàn""']",khao khát được nhìn thấy số điểm đã mơ ước
2026/04/02 11:42:49 SA GMT+7,Lớp 10,Miền Nam,['Anh'],"['Sinh', 'Toán']",Mình đang là học sinh lớp 10 nên chưa biết,['B08'],[24 - 27),Đủ điều kiện xét học bạ / ĐGNL,"['Xác suất ""an toàn""']",
2026/04/02 11:44:33 SA GMT+7,Lớp 10,Miền Nam,"['Sinh', 'Hóa', 'Toán']",['Toán'],[8.0 - 9.0),['B00'],[24 - 27),Xét tuyển bằng điểm thi THPTQG,['Vị thế tương đối'],
2026/04/02 11:45:36 SA GMT+7,Lớp 10,Miền Nam,"['Tin', 'Lý', 'Anh', 'Toán']","['GDKT&PL (Hoặc GDCD)', 'Văn', 'Công nghệ nông nghiệp', 'Hóa']",[9.0 - 10.0],"['A01', 'A00']",[24 - 27),Đủ điều kiện xét học bạ / ĐGNL,"['Vị thế tương đối', 'Xác suất ""an toàn""', 'Phân tích phổ điểm', 'So sánh tổ hợp']",
2026/04/02 11:45:52 SA GMT+7,Lớp 10,Miền Nam,"['Văn', 'Hóa']","['Tin', 'Lý', 'Anh', 'Toán']",[7.0 - 8.0),['A00'],[21 - 24),Xét tuyển bằng điểm thi THPTQG,"['Xác suất ""an toàn""']",Muốn so sánh điểm với ban bè môt cách ẩn danh
2026/04/02 11:47:22 SA GMT+7,Lớp 10,Miền Nam,['Toán'],['Anh'],Mình đang là học sinh lớp 10 nên chưa biết,['INVALID'],Khác,Khác,"['Vị thế tương đối', 'Xác suất ""an toàn""', 'Thứ hạng ước tính', 'Phân tích phổ điểm']",Mình muốn mình đậu
2026/04/02 11:47:39 SA GMT+7,Lớp 10,Miền Nam,['Hóa'],['Toán'],[7.0 - 8.0),['A00'],[21 - 24),Xét tuyển bằng điểm thi THPTQG,"['Xác suất ""an toàn""']",
2026/04/02 11:50:04 SA GMT+7,Lớp 12,Miền Nam,"['Văn', 'Anh']","['Lý', 'Toán']",[8.0 - 9.0),['INVALID'],[24 - 27),Xét tuyển bằng điểm thi THPTQG,"['Vị thế tương đối', 'Phân tích phổ điểm', 'So sánh tổ hợp']",
2026/04/02 11:51:24 SA GMT+7,Lớp 10,Miền Nam,"['Sinh', 'Hóa', 'Toán']","['Văn', 'Lý']",[7.0 - 8.0),['B00'],[24 - 27),Đủ điều kiện xét học bạ / ĐGNL,"['Xác suất ""an toàn""', 'So sánh tổ hợp']",Đậu đạt trường mong muốn
2026/04/02 11:51:25 SA GMT+7,Lớp 12,Miền Nam,"['Văn', 'Anh']","['Lý', 'Toán']",[8.0 - 9.0),['INVALID'],[24 - 27),Xét tuyển bằng điểm thi THPTQG,"['Vị thế tương đối', 'Phân tích phổ điểm', 'So sánh tổ hợp']",Không
2026/04/02 11:51:58 SA GMT+7,Lớp 10,Miền Nam,"['Hóa', 'Lý', 'Toán']",['Văn'],[8.0 - 9.0),['INVALID'],[21 - 24),Lấy điểm để đi du học hoặc xét tuyển riêng.,"['Xác suất ""an toàn""']",Muốn sau này có cuộc sống tốt
2026/04/02 11:52:02 SA GMT+7,Lớp 10,Miền Nam,"['Văn', 'Anh', 'Toán']",['Lý'],[7.0 - 8.0),"['A00', 'A01']",[24 - 27),Lấy điểm để đi du học hoặc xét tuyển riêng.,"['Vị thế tương đối', 'Xác suất ""an toàn""', 'Thứ hạng ước tính', 'Phân tích phổ điểm', 'So sánh tổ hợp']",
2026/04/02 11:54:21 SA GMT+7,Lớp 10,Miền Trung,['Anh'],"['Lý', 'Toán']",[7.0 - 8.0),['INVALID'],[18 - 21),Xét tuyển bằng điểm thi THPTQG,"['Xác suất ""an toàn""']",muốn so sánh điểm với bạn bè
2026/04/02 11:58:04 SA GMT+7,Lớp 12,Miền Nam,"['Anh', 'Toán']",[],[9.0 - 10.0],['A01'],[27 - 30],Xét tuyển bằng điểm thi THPTQG,"['Vị thế tương đối', 'Xác suất ""an toàn""', 'Phân tích phổ điểm']",
2026/04/02 11:58:05 SA GMT+7,Lớp 11,Miền Nam,[],[],[6.0 - 7.0),['INVALID'],[18 - 21),Khác,['Custom: đạt kết quá mong muốn và đậu ngôi trường mình chọn'],
2026/04/02 11:58:42 SA GMT+7,Lớp 10,Miền Nam,['Địa'],"['Văn', 'Anh', 'Toán']",[6.0 - 7.0),['INVALID'],[18 - 21),Xét tuyển bằng điểm thi THPTQG,"['Xác suất ""an toàn""']",Đậu trường mong muốn
2026/04/02 11:59:30 SA GMT+7,Lớp 10,Miền Nam,"['Văn', 'Toán']","['Anh', 'Toán']",Mình đang là học sinh lớp 10 nên chưa biết,['D01'],[24 - 27),Xét tuyển bằng điểm thi THPTQG,"['Xác suất ""an toàn""']",“Mình muốn biết cơ hội đậu đại học và năng lực mình tới đâu
2026/04/02 12:00:10 CH GMT+7,Lớp 10,Miền Nam,"['Hóa', 'Toán']",['Toán'],Mình đang là học sinh lớp 10 nên chưa biết,['INVALID'],[27 - 30],Xét tuyển bằng điểm thi THPTQG,"['Xác suất ""an toàn""', 'Thứ hạng ước tính']",
2026/04/02 12:03:28 CH GMT+7,Lớp 10,Miền Nam,"['Hóa', 'Lý', 'Toán']","['Sinh', 'Văn']",Mình đang là học sinh lớp 10 nên chưa biết,"['A00', 'B00']",[24 - 27),Khác,"['Vị thế tương đối', 'Xác suất ""an toàn""', 'Thứ hạng ước tính']",
2026/04/02 12:04:41 CH GMT+7,Lớp 10,Miền Nam,"['Hóa', 'Lý']","['Sinh', 'Anh', 'Tin']",[7.0 - 8.0),['INVALID'],[18 - 21),Khác,"['Xác suất ""an toàn""']",Khoe
2026/04/02 12:06:47 CH GMT+7,Lớp 10,Miền Nam,"['Địa', 'Văn', 'Toán']","['Anh', 'Toán']",Mình đang là học sinh lớp 10 nên chưa biết,['C04'],[21 - 24),Lấy điểm để đi du học hoặc xét tuyển riêng.,"['Xác suất ""an toàn""']",
2026/04/02 12:13:15 CH GMT+7,Lớp 10,Miền Nam,"['Tin', 'Lý', 'Anh', 'Toán']","['GDKT&PL (Hoặc GDCD)', 'Văn', 'Công nghệ nông nghiệp', 'Công nghệ công nghiệp']",[9.0 - 10.0],"['A00', 'A01']",[24 - 27),Đủ điều kiện xét học bạ / ĐGNL,"['Vị thế tương đối', 'Xác suất ""an toàn""', 'Thứ hạng ước tính', 'Phân tích phổ điểm']",
2026/04/02 12:18:44 CH GMT+7,Lớp 10,Miền Nam,"['Tin', 'Văn', 'Toán']","['Anh', 'Toán']",[8.0 - 9.0),['D01'],[21 - 24),Lấy điểm để đi du học hoặc xét tuyển riêng.,"['Vị thế tương đối', 'Thứ hạng ước tính', 'Phân tích phổ điểm']",
2026/04/02 12:21:36 CH GMT+7,Lớp 10,Miền Nam,"['Văn', 'Anh', 'Toán']","['Sinh', 'Hóa', 'Lý']",[9.0 - 10.0],['D01'],[21 - 24),Xét tuyển bằng điểm thi THPTQG,['Thứ hạng ước tính'],
2026/04/02 12:25:32 CH GMT+7,Lớp 10,Miền Nam,['Văn'],['Toán'],[6.0 - 7.0),"['C00', 'C01']",[18 - 21),Đủ điều kiện xét học bạ / ĐGNL,['Phân tích phổ điểm'],
2026/04/02 12:36:02 CH GMT+7,Lớp 10,Miền Nam,"['Lý', 'Anh', 'Toán']","['Sinh', 'Hóa']",[7.0 - 8.0),['A01'],[21 - 24),Xét tuyển bằng điểm thi THPTQG,['Phân tích phổ điểm'],Đủ điểm đậu trường mình muốn
2026/04/02 12:55:17 CH GMT+7,Lớp 11,Miền Nam,"['Sinh', 'Hóa']",['Toán'],[8.0 - 9.0),['INVALID'],[27 - 30],Lấy điểm để đi du học hoặc xét tuyển riêng.,"['Vị thế tương đối', 'Xác suất ""an toàn""', 'Thứ hạng ước tính', 'Phân tích phổ điểm', 'So sánh tổ hợp']",
2026/04/02 12:55:45 CH GMT+7,Lớp 11,Miền Nam,['Toán'],"['Hóa', 'Lý', 'Toán']",[8.0 - 9.0),['INVALID'],[24 - 27),Xét tuyển bằng điểm thi THPTQG,"['Vị thế tương đối', 'Xác suất ""an toàn""', 'Thứ hạng ước tính', 'Phân tích phổ điểm', 'So sánh tổ hợp']",Thứ hạng so với những người thi cùng ngành
2026/04/02 12:57:08 CH GMT+7,Lớp 11,Miền Nam,"['Anh', 'Toán']","['Hóa', 'Lý']",[7.0 - 8.0),['A00'],[27 - 30],Xét tuyển bằng điểm thi THPTQG,"['Xác suất ""an toàn""', 'Phân tích phổ điểm']",Đậu đại học
2026/04/02 12:58:17 CH GMT+7,Lớp 11,Miền Nam,"['Sinh', 'Văn']","['Hóa', 'Toán']",[8.0 - 9.0),['INVALID'],[27 - 30],Xét tuyển bằng điểm thi THPTQG,"['Xác suất ""an toàn""']",Muốn biết đậu hay không
2026/04/02 12:59:18 CH GMT+7,Lớp 10,Miền Nam,"['Sinh', 'Anh']",['Toán'],[9.0 - 10.0],['INVALID'],[24 - 27),Xét tuyển bằng điểm thi THPTQG,"['Vị thế tương đối', 'Xác suất ""an toàn""', 'Thứ hạng ước tính', 'Phân tích phổ điểm']","Muốn biết mình thuộc top mấy, so sánh điểm với các bạn ẩn danh"
2026/04/02 1:00:17 CH GMT+7,Lớp 10,Miền Nam,"['Lý', 'Sinh', 'Anh', 'Toán', 'Hóa']","['Công nghệ công nghiệp', 'Sử', 'Tin', 'GDKT&PL (Hoặc GDCD)', 'Địa', 'Công nghệ nông nghiệp']",[9.0 - 10.0],['INVALID'],[24 - 27),Lấy điểm để đi du học hoặc xét tuyển riêng.,"['Vị thế tương đối', 'Xác suất ""an toàn""']",
2026/04/02 1:04:28 CH GMT+7,Lớp 10,Miền Nam,['GDKT&PL (Hoặc GDCD)'],['Anh'],[5.0 - 6.0),['INVALID'],[15 - 18),Đủ điều kiện xét học bạ / ĐGNL,['Phân tích phổ điểm'],
2026/04/02 1:10:03 CH GMT+7,Lớp 12,Miền Nam,"['Địa', 'Sử']","['Văn', 'Toán']",[7.0 - 8.0),['C00'],[21 - 24),Xét tuyển bằng điểm thi THPTQG,"['Xác suất ""an toàn""']",
2026/04/02 1:18:36 CH GMT+7,Lớp 10,Miền Nam,['Anh'],['Lý'],[7.0 - 8.0),['INVALID'],Khác,Lấy điểm để đi du học hoặc xét tuyển riêng.,['So sánh tổ hợp'],
2026/04/02 3:26:25 CH GMT+7,Đã tốt nghiệp THPT,Miền Nam,"['Sinh', 'Hóa', 'Toán']","['Văn', 'Lý', 'Công nghệ công nghiệp', 'Sử', 'GDKT&PL (Hoặc GDCD)', 'Địa', 'Công nghệ nông nghiệp']",[8.0 - 9.0),['B00'],[27 - 30],Xét tuyển bằng điểm thi THPTQG,['Vị thế tương đối'],
2026/04/02 4:14:30 CH GMT+7,Lớp 11,Miền Nam,"['GDKT&PL (Hoặc GDCD)', 'Địa', 'Anh']","['Văn', 'Toán']",[9.0 - 10.0],['D01'],[24 - 27),Đủ điều kiện xét học bạ / ĐGNL,"['Xác suất ""an toàn""', 'Thứ hạng ước tính', 'Phân tích phổ điểm']",
2026/04/02 4:44:10 CH GMT+7,Lớp 11,Miền Nam,"['Hóa', 'Lý']",['Toán'],[8.0 - 9.0),['A00'],[24 - 27),Xét tuyển bằng điểm thi THPTQG,"['Xác suất ""an toàn""', 'Thứ hạng ước tính', 'Phân tích phổ điểm', 'So sánh tổ hợp']","Muốn biết mình có thuộc Top 100 của thành phố không, muốn so sánh điểm với bạn bè một cách ẩn danh"
2026/04/02 4:48:26 CH GMT+7,Lớp 10,Miền Nam,['Văn'],"['Tin', 'Lý', 'Anh', 'Toán']",Mình đang là học sinh lớp 10 nên chưa biết,['INVALID'],[24 - 27),Đủ điều kiện xét học bạ / ĐGNL,"['Xác suất ""an toàn""']",
2026/04/02 4:50:35 CH GMT+7,Lớp 10,Miền Nam,"['Văn', 'Hóa', 'Lý', 'Toán']","['Anh', 'Tin']",[7.0 - 8.0),['A00'],[21 - 24),Xét tuyển bằng điểm thi THPTQG,"['Xác suất ""an toàn""', 'So sánh tổ hợp']",
2026/04/02 4:58:50 CH GMT+7,Lớp 10,Miền Nam,"['Địa', 'Văn']",['Toán'],Mình đang là học sinh lớp 10 nên chưa biết,['INVALID'],Khác,Xét tuyển bằng điểm thi THPTQG,"['Vị thế tương đối', 'Xác suất ""an toàn""']",
2026/04/02 5:03:10 CH GMT+7,Lớp 10,Miền Bắc,"['Văn', 'Anh', 'Toán']","['Sử', 'Lý']",[9.0 - 10.0],['D01'],[24 - 27),Xét tuyển bằng điểm thi THPTQG,"['Xác suất ""an toàn""']",
2026/04/02 5:08:40 CH GMT+7,Lớp 10,Miền Nam,['Toán'],['Lý'],[9.0 - 10.0],['A01'],[21 - 24),Đủ điều kiện xét học bạ / ĐGNL,"['Xác suất ""an toàn""', 'Thứ hạng ước tính', 'Phân tích phổ điểm']",Muốn biết hạng
2026/04/02 5:17:24 CH GMT+7,Lớp 10,Miền Nam,"['Tin', 'Lý', 'Anh', 'Toán']","['Sinh', 'Văn', 'Hóa']",Mình đang là học sinh lớp 10 nên chưa biết,['INVALID'],[24 - 27),Xét tuyển bằng điểm thi THPTQG,"['Vị thế tương đối', 'Xác suất ""an toàn""', 'Phân tích phổ điểm']",
2026/04/02 5:28:42 CH GMT+7,Đã tốt nghiệp THPT,Miền Trung,['Toán'],"['Văn', 'Tin']",[8.0 - 9.0),['INVALID'],[24 - 27),Khác,['Thứ hạng ước tính'],
2026/04/02 5:34:43 CH GMT+7,Đã tốt nghiệp THPT,Miền Nam,"['Anh', 'Toán']","['Văn', 'Sử']",[8.0 - 9.0),['D01'],[21 - 24),Lấy điểm để đi du học hoặc xét tuyển riêng.,"['Xác suất ""an toàn""']",muốn mình đạt được mục tiêu của bản thân đã đặt ra
2026/04/02 6:01:24 CH GMT+7,Lớp 10,Miền Nam,['Văn'],['Toán'],[7.0 - 8.0),['INVALID'],[21 - 24),Xét tuyển bằng điểm thi THPTQG,"['Xác suất ""an toàn""']",Mình muốn so điểm với bạn bè một cách ẩn danh.
2026/04/02 6:04:09 CH GMT+7,Lớp 10,Miền Nam,"['Hóa', 'Lý']",['Văn'],Mình đang là học sinh lớp 10 nên chưa biết,['A00'],Khác,Xét tuyển bằng điểm thi THPTQG,"['Thứ hạng ước tính', 'Phân tích phổ điểm']",
2026/04/02 6:08:07 CH GMT+7,Lớp 10,Miền Nam,"['Anh', 'Toán']","['Văn', 'Lý']",Mình đang là học sinh lớp 10 nên chưa biết,['INVALID'],[24 - 27),Xét tuyển bằng điểm thi THPTQG,"['Xác suất ""an toàn""']",muốn biết mình có trong top 100 tỉnh hay không?
2026/04/02 6:10:42 CH GMT+7,Lớp 10,Miền Nam,['Anh'],['Lý'],Mình đang là học sinh lớp 10 nên chưa biết,['INVALID'],[24 - 27),Khác,"['Xác suất ""an toàn""']",mình muốn biết có đủ điểm đậu hay không
2026/04/02 6:20:29 CH GMT+7,Lớp 10,Miền Nam,"['Văn', 'Sử', 'Anh']",['Toán'],Mình ngại lắm / Không muốn trả lời,['INVALID'],[21 - 24),Đủ điều kiện xét học bạ / ĐGNL,"['Xác suất ""an toàn""']",Thuộc top của lớp là dc r
2026/04/02 6:20:42 CH GMT+7,Lớp 10,Miền Nam,['Toán'],['Anh'],[8.0 - 9.0),['INVALID'],[24 - 27),Đủ điều kiện xét học bạ / ĐGNL,"['Vị thế tương đối', 'Xác suất ""an toàn""', 'Thứ hạng ước tính']",
2026/04/02 6:30:35 CH GMT+7,Lớp 12,Miền Nam,['Tin'],['GDKT&PL (Hoặc GDCD)'],[7.0 - 8.0),['INVALID'],Khác,Xét tuyển bằng điểm thi THPTQG,"['Xác suất ""an toàn""']",
2026/04/02 6:33:21 CH GMT+7,Lớp 10,Miền Nam,['Anh'],['Toán'],[8.0 - 9.0),['D01'],[24 - 27),Chỉ để xét tốt nghiệp THPT / Thi cho có,['So sánh tổ hợp'],
2026/04/02 6:35:35 CH GMT+7,Lớp 10,Miền Nam,['Sử'],['Lý'],[6.0 - 7.0),['INVALID'],[18 - 21),Xét tuyển bằng điểm thi THPTQG,"['Xác suất ""an toàn""']",
2026/04/02 6:39:47 CH GMT+7,Lớp 10,Miền Nam,"['Lý', 'Anh', 'Toán']","['Sinh', 'Tin']",[8.0 - 9.0),['A01'],[27 - 30],Xét tuyển bằng điểm thi THPTQG,['Vị thế tương đối'],Muốn đậu đại học
2026/04/02 6:40:50 CH GMT+7,Lớp 10,Miền Nam,['Anh'],"['Lý', 'Tin']",[8.0 - 9.0),['D15'],[24 - 27),Lấy điểm để đi du học hoặc xét tuyển riêng.,"['Xác suất ""an toàn""']",Muốn biết đậu THPTQG
2026/04/02 7:00:48 CH GMT+7,Lớp 10,Miền Nam,['Địa'],"['Văn', 'Anh', 'Toán']",[7.0 - 8.0),['INVALID'],Khác,Xét tuyển bằng điểm thi THPTQG,"['Xác suất ""an toàn""']",
2026/04/02 7:01:22 CH GMT+7,Lớp 10,Miền Nam,"['Sinh', 'Lý', 'Anh', 'Toán']","['Văn', 'Sử']",[8.0 - 9.0),['INVALID'],[27 - 30],Xét tuyển bằng điểm thi THPTQG,['Phân tích phổ điểm'],Không
2026/04/02 7:03:38 CH GMT+7,Lớp 10,Miền Nam,['Anh'],['Văn'],Mình ngại lắm / Không muốn trả lời,['INVALID'],Khác,Lấy điểm để đi du học hoặc xét tuyển riêng.,"['Vị thế tương đối', 'Xác suất ""an toàn""', 'Thứ hạng ước tính', 'Phân tích phổ điểm', 'So sánh tổ hợp']",
2026/04/02 7:19:23 CH GMT+7,Lớp 12,Miền Nam,"['Lý', 'Công nghệ công nghiệp', 'Sinh', 'Sử', 'Anh', 'Toán', 'Tin', 'Hóa', 'Địa']","['GDKT&PL (Hoặc GDCD)', 'Văn', 'Công nghệ nông nghiệp']",[9.0 - 10.0],['A00'],[27 - 30],Lấy điểm để đi du học hoặc xét tuyển riêng.,"['Vị thế tương đối', 'Xác suất ""an toàn""', 'Thứ hạng ước tính', 'Phân tích phổ điểm', 'So sánh tổ hợp']",Top 1 của trường
2026/04/02 7:25:32 CH GMT+7,Lớp 10,Miền Nam,"['Lý', 'Anh', 'Toán']",['Văn'],Mình đang là học sinh lớp 10 nên chưa biết,['INVALID'],[24 - 27),Xét tuyển bằng điểm thi THPTQG,['Thứ hạng ước tính'],"Không , mình chỉ cần đậu được trường mình ao ước"
2026/04/02 7:26:50 CH GMT+7,Lớp 10,Miền Nam,"['Văn', 'Lý', 'Sử', 'Anh', 'Địa']","['Tin', 'Toán']",Mình đang là học sinh lớp 10 nên chưa biết,['INVALID'],[18 - 21),Xét tuyển bằng điểm thi THPTQG,"['Xác suất ""an toàn""']","tôi không, chỉ cần đậu trường mà tôi mong muốn là được"
2026/04/02 7:28:08 CH GMT+7,Lớp 10,Miền Nam,"['Địa', 'Văn', 'Tin', 'Toán']","['GDKT&PL (Hoặc GDCD)', 'Anh', 'Toán']",[8.0 - 9.0),['C04'],[24 - 27),Xét tuyển bằng điểm thi THPTQG,"['Xác suất ""an toàn""']",
2026/04/02 7:28:24 CH GMT+7,Lớp 10,Miền Trung,"['GDKT&PL (Hoặc GDCD)', 'Văn', 'Anh']",['Toán'],[9.0 - 10.0],['INVALID'],[24 - 27),Xét tuyển bằng điểm thi THPTQG,['Thứ hạng ước tính'],Thủ khoa
2026/04/02 7:28:34 CH GMT+7,Lớp 10,Miền Nam,['Anh'],['Văn'],[9.0 - 10.0],"['A01', 'D01']",[24 - 27),Xét tuyển bằng điểm thi THPTQG,['Phân tích phổ điểm'],muốn biết mình thuộc top 50 tỉnh và top 5 trường hay ko
2026/04/02 7:30:11 CH GMT+7,Lớp 10,Miền Nam,"['Anh', 'Toán']","['Văn', 'Lý']",Mình đang là học sinh lớp 10 nên chưa biết,['INVALID'],[24 - 27),Xét tuyển bằng điểm thi THPTQG,"['Xác suất ""an toàn""']","Không, Mình chỉ muốn đậu vào trường Đại học mình ao ước"
2026/04/02 7:31:08 CH GMT+7,Lớp 10,Miền Nam,"['Sinh', 'Hóa', 'Lý', 'Toán']","['GDKT&PL (Hoặc GDCD)', 'Địa', 'Tin']",[7.0 - 8.0),['INVALID'],[21 - 24),Xét tuyển bằng điểm thi THPTQG,"['Xác suất ""an toàn""']",
2026/04/02 7:32:39 CH GMT+7,Lớp 10,Miền Nam,"['Văn', 'Anh', 'Toán']","['Sinh', 'Hóa', 'Lý']",[8.0 - 9.0),['A01'],[27 - 30],Lấy điểm để đi du học hoặc xét tuyển riêng.,['Phân tích phổ điểm'],muốn so sánh điểm với bạn bè một cách ẩn danh
2026/04/02 7:55:42 CH GMT+7,Lớp 10,Miền Trung,['Địa'],"['Tin', 'Anh', 'Toán']",[7.0 - 8.0),['INVALID'],Khác,Xét tuyển bằng điểm thi THPTQG,"['Xác suất ""an toàn""']",khoe mọi người
2026/04/02 8:26:06 CH GMT+7,Đã tốt nghiệp THPT,Miền Nam,"['GDKT&PL (Hoặc GDCD)', 'Văn']","['Hóa', 'Lý', 'Toán']",[6.0 - 7.0),['INVALID'],[18 - 21),Xét tuyển bằng điểm thi THPTQG,"['Vị thế tương đối', 'Xác suất ""an toàn""', 'Thứ hạng ước tính', 'Phân tích phổ điểm', 'So sánh tổ hợp']",Điểm Văn cao xíu cỡ 8.0
2026/04/02 9:08:10 CH GMT+7,Lớp 10,Miền Nam,"['Văn', 'Toán']","['Anh', 'Toán']",Mình đang là học sinh lớp 10 nên chưa biết,['D00'],[24 - 27),Đủ điều kiện xét học bạ / ĐGNL,"['Xác suất ""an toàn""']",
2026/04/02 9:10:29 CH GMT+7,Lớp 10,Miền Nam,"['Văn', 'Lý', 'Anh']",['Toán'],[8.0 - 9.0),['INVALID'],[21 - 24),Xét tuyển bằng điểm thi THPTQG,"['Xác suất ""an toàn""']",Dạ em không có ý kiến.
2026/04/02 9:15:56 CH GMT+7,Lớp 10,Miền Nam,"['Sinh', 'Hóa', 'Toán']",['Toán'],[8.0 - 9.0),['B00'],[27 - 30],Đủ điều kiện xét học bạ / ĐGNL,['Vị thế tương đối'],
2026/04/02 9:49:39 CH GMT+7,Lớp 10,Miền Nam,['Toán'],['Anh'],[9.0 - 10.0],['INVALID'],[21 - 24),Xét tuyển bằng điểm thi THPTQG,['Vị thế tương đối'],
2026/04/02 10:02:02 CH GMT+7,Lớp 10,Miền Nam,"['Địa', 'Văn', 'Sử']","['Lý', 'Anh', 'Toán']",[7.0 - 8.0),['INVALID'],[24 - 27),Xét tuyển bằng điểm thi THPTQG,"['Phân tích phổ điểm', 'So sánh tổ hợp']",thi tốt là được
2026/04/02 10:30:55 CH GMT+7,Lớp 12,Miền Nam,['Toán'],['Hóa'],[8.0 - 9.0),['INVALID'],[24 - 27),Xét tuyển bằng điểm thi THPTQG,"['Xác suất ""an toàn""']",
2026/04/02 10:31:31 CH GMT+7,Lớp 10,Miền Nam,"['Hóa', 'Lý', 'Toán']",['Văn'],Mình đang là học sinh lớp 10 nên chưa biết,['A01'],[27 - 30],Đủ điều kiện xét học bạ / ĐGNL,"['Xác suất ""an toàn""']",
2026/04/02 10:35:29 CH GMT+7,Đã tốt nghiệp THPT,Miền Nam,"['Lý', 'Anh', 'Toán']","['Sinh', 'Hóa', 'Sử']",[8.0 - 9.0),['INVALID'],[21 - 24),Xét tuyển bằng điểm thi THPTQG,"['Xác suất ""an toàn""']",
2026/04/02 10:35:31 CH GMT+7,Lớp 12,Miền Bắc,"['Hóa', 'Anh']","['Văn', 'Toán']",[9.0 - 10.0],['D07'],[21 - 24),Xét tuyển bằng điểm thi THPTQG,"['Xác suất ""an toàn""']",
2026/04/02 10:44:42 CH GMT+7,Lớp 11,Miền Nam,"['Văn', 'Sử', 'Anh']","['Sinh', 'Hóa', 'Toán']",[9.0 - 10.0],['INVALID'],[24 - 27),Xét tuyển bằng điểm thi THPTQG,"['Phân tích phổ điểm', 'So sánh tổ hợp']",Mình mong muốn điểm của mình có thể xét tuyển vào trường đại học mình muốn học nhất
2026/04/02 10:45:29 CH GMT+7,Lớp 12,Miền Nam,['Văn'],"['Sinh', 'Hóa', 'Toán']",[9.0 - 10.0],['INVALID'],[24 - 27),Chỉ để xét tốt nghiệp THPT / Thi cho có,"['Xác suất ""an toàn""']",
2026/04/02 10:46:31 CH GMT+7,Lớp 11,Miền Nam,"['Văn', 'Sử', 'Anh']","['Lý', 'Sinh', 'Toán', 'Hóa', 'GDKT&PL (Hoặc GDCD)']",[9.0 - 10.0],['INVALID'],[24 - 27),Xét tuyển bằng điểm thi THPTQG,"['Phân tích phổ điểm', 'So sánh tổ hợp']",Mình mong muốn đó là khi cầm kết quả của mình sẽ đậu vào trường mà mình mơ ước được bước vào để có thể bước tiếp và định hướng nghề nghiệp cho tương lai
2026/04/02 10:48:35 CH GMT+7,Lớp 10,Miền Nam,"['Lý', 'Anh', 'Toán']","['Sinh', 'Văn', 'Hóa', 'Tin']",[8.0 - 9.0),['A01'],[27 - 30],Xét tuyển bằng điểm thi THPTQG,"['Xác suất ""an toàn""']",chỉ muốn biết mình có đậu được hay không
2026/04/02 11:40:28 CH GMT+7,Đã tốt nghiệp THPT,Miền Nam,"['Sinh', 'Hóa', 'Toán']","['Văn', 'Anh']",[8.0 - 9.0),['INVALID'],[24 - 27),Xét tuyển bằng điểm thi THPTQG,"['Xác suất ""an toàn""']",
2026/04/02 11:42:42 CH GMT+7,Đã tốt nghiệp THPT,Miền Nam,"['GDKT&PL (Hoặc GDCD)', 'Địa', 'Sử']","['Lý', 'Sinh', 'Anh', 'Toán', 'Hóa']","Khác (Cha mẹ, thầy cô,...)",['INVALID'],[27 - 30],Lấy điểm để đi du học hoặc xét tuyển riêng.,['Thứ hạng ước tính'],
2026/04/03 6:55:25 SA GMT+7,Lớp 10,Miền Bắc,"['Văn', 'Anh']","['Công nghệ công nghiệp', 'Sinh', 'Tin', 'Toán', 'Hóa', 'Địa']",Mình đang là học sinh lớp 10 nên chưa biết,['INVALID'],[27 - 30],Xét tuyển bằng điểm thi THPTQG,"['Thứ hạng ước tính', 'Phân tích phổ điểm', 'So sánh tổ hợp']",
2026/04/03 8:40:03 SA GMT+7,Lớp 10,Miền Nam,"['Sinh', 'Hóa']","['Văn', 'Toán']",[8.0 - 9.0),['INVALID'],[24 - 27),Xét tuyển bằng điểm thi THPTQG,"['Xác suất ""an toàn""']",Muốn biết điểm số có khả năng đậu vào đại học mình mong muốn không và so sánh để biết năng lực mình ở mức độ nào.
2026/04/03 8:40:27 SA GMT+7,Lớp 10,Miền Nam,"['Sinh', 'Anh', 'Toán', 'Tin', 'Hóa', 'Văn']",['Địa'],[8.0 - 9.0),['INVALID'],[24 - 27),Xét tuyển bằng điểm thi THPTQG,"['Vị thế tương đối', 'Xác suất ""an toàn""', 'Thứ hạng ước tính']",Muốn biết kết quả xứng đáng với công sức rèn luyện học tập của mình không .
2026/04/03 9:55:35 SA GMT+7,Đã tốt nghiệp THPT,Miền Nam,"['Hóa', 'Lý', 'Anh', 'Toán']","['Sinh', 'Địa', 'Sử']",[8.0 - 9.0),['A00'],[24 - 27),Chỉ để xét tốt nghiệp THPT / Thi cho có,"['Xác suất ""an toàn""']",
2026/04/03 10:17:06 SA GMT+7,Lớp 10,Miền Nam,['Văn'],"['Lý', 'Anh']",Mình đang là học sinh lớp 10 nên chưa biết,['M03'],[24 - 27),Đủ điều kiện xét học bạ / ĐGNL,"['Xác suất ""an toàn""']",Chỉ muốn đậu đại học và không có mong muốn nào khác
2026/04/03 10:34:14 SA GMT+7,Lớp 10,Miền Nam,"['Văn', 'Anh', 'Toán']",['Toán'],[8.0 - 9.0),['D01'],[27 - 30],Xét tuyển bằng điểm thi THPTQG,"['Xác suất ""an toàn""']",
2026/04/03 11:03:59 SA GMT+7,Lớp 10,Miền Nam,"['Tin', 'Anh', 'Toán']","['Hóa', 'Lý', 'Toán']",[8.0 - 9.0),"['A00', 'A01']",[24 - 27),Xét tuyển bằng điểm thi THPTQG,"['Vị thế tương đối', 'Xác suất ""an toàn""', 'Phân tích phổ điểm', 'So sánh tổ hợp']",Muốn biết có danh sách lớp hay chưa:))
2026/04/03 11:10:57 SA GMT+7,Lớp 11,Miền Nam,"['Hóa', 'Anh']",['Toán'],[8.0 - 9.0),['INVALID'],[24 - 27),Xét tuyển bằng điểm thi THPTQG,"['Xác suất ""an toàn""', 'Thứ hạng ước tính', 'Phân tích phổ điểm', 'So sánh tổ hợp']",Đậu trường top
2026/04/03 11:14:51 SA GMT+7,Lớp 10,Miền Nam,"['Địa', 'Sử']",['Anh'],[8.0 - 9.0),['INVALID'],[24 - 27),Xét tuyển bằng điểm thi THPTQG,['Phân tích phổ điểm'],
2026/04/03 11:20:27 SA GMT+7,Lớp 10,Miền Nam,"['Địa', 'Văn']",['Toán'],[6.0 - 7.0),['INVALID'],[21 - 24),Xét tuyển bằng điểm thi THPTQG,"['Xác suất ""an toàn""']",
2026/04/03 11:20:56 SA GMT+7,Lớp 10,Miền Nam,['Anh'],"['Lý', 'Công nghệ công nghiệp', 'Sinh', 'Sử', 'Toán', 'Địa', 'Hóa', 'GDKT&PL (Hoặc GDCD)', 'Tin', 'Văn', 'Công nghệ nông nghiệp']",[8.0 - 9.0),"['A01', 'D01']",[27 - 30],Xét tuyển bằng điểm thi THPTQG,"['Xác suất ""an toàn""', 'Phân tích phổ điểm']",em chỉ muốn đậu thôi k cần top gì hết
2026/04/03 11:22:32 SA GMT+7,Lớp 10,Miền Nam,['Anh'],"['Lý', 'Công nghệ công nghiệp', 'Sinh', 'Sử', 'Toán', 'Địa', 'Hóa', 'GDKT&PL (Hoặc GDCD)', 'Tin', 'Văn', 'Công nghệ nông nghiệp']",[8.0 - 9.0),"['D01', 'A01']",[27 - 30],Xét tuyển bằng điểm thi THPTQG,"['Xác suất ""an toàn""', 'So sánh tổ hợp']",em chỉ muốn đậu đại học
2026/04/03 11:33:07 SA GMT+7,Lớp 10,Miền Nam,"['GDKT&PL (Hoặc GDCD)', 'Văn', 'Sử']","['Hóa', 'Toán']",[8.0 - 9.0),"['D01', 'C03']",[21 - 24),Xét tuyển bằng điểm thi THPTQG,"['Vị thế tương đối', 'Xác suất ""an toàn""', 'Thứ hạng ước tính', 'Phân tích phổ điểm', 'So sánh tổ hợp']",
2026/04/03 12:45:18 CH GMT+7,Đã tốt nghiệp THPT,Miền Nam,"['Hóa', 'Lý', 'Anh', 'Toán']","['Địa', 'Văn', 'Sử']",[8.0 - 9.0),['A00'],[24 - 27),Lấy điểm để đi du học hoặc xét tuyển riêng.,"['Xác suất ""an toàn""']",
2026/04/03 4:06:41 CH GMT+7,Lớp 10,Miền Nam,['Toán'],['Anh'],[8.0 - 9.0),['D01'],[21 - 24),Xét tuyển bằng điểm thi THPTQG,"['Vị thế tương đối', 'Xác suất ""an toàn""']",
2026/04/03 4:16:02 CH GMT+7,Lớp 10,Miền Nam,['Anh'],"['Lý', 'Toán']",[8.0 - 9.0),"['A01', 'D01']",[21 - 24),Xét tuyển bằng điểm thi THPTQG,"['Xác suất ""an toàn""']",mình mong đạt điểm cao trong dự tính để đậu nv1
2026/04/03 4:49:25 CH GMT+7,Lớp 10,Miền Nam,"['GDKT&PL (Hoặc GDCD)', 'Văn', 'Sử']","['Lý', 'Toán']",[9.0 - 10.0],['INVALID'],Khác,Xét tuyển bằng điểm thi THPTQG,"['Xác suất ""an toàn""']",Đậu hay không
2026/04/03 5:07:18 CH GMT+7,Lớp 10,Miền Nam,"['Văn', 'Anh', 'Toán']","['Sinh', 'Hóa', 'Lý']",Mình đang là học sinh lớp 10 nên chưa biết,['INVALID'],[27 - 30],Lấy điểm để đi du học hoặc xét tuyển riêng.,['Thứ hạng ước tính'],
2026/04/03 5:08:21 CH GMT+7,Lớp 10,Miền Nam,"['Văn', 'Hóa', 'Anh']","['Sinh', 'GDKT&PL (Hoặc GDCD)', 'Công nghệ công nghiệp']",[9.0 - 10.0],['A00'],[27 - 30],Xét tuyển bằng điểm thi THPTQG,"['Xác suất ""an toàn""']",
2026/04/03 6:26:20 CH GMT+7,Lớp 10,Miền Nam,"['Văn', 'Anh']",['Toán'],[8.0 - 9.0),['INVALID'],[27 - 30],Đủ điều kiện xét học bạ / ĐGNL,"['Xác suất ""an toàn""']",đậu đại học
2026/04/03 6:27:04 CH GMT+7,Lớp 10,Miền Nam,['Toán'],['Lý'],[8.0 - 9.0),['INVALID'],[24 - 27),Đủ điều kiện xét học bạ / ĐGNL,"['Xác suất ""an toàn""']",đậu đại học
2026/04/03 6:34:19 CH GMT+7,Lớp 10,Miền Nam,['Địa'],"['Văn', 'Anh', 'Toán']",Mình ngại lắm / Không muốn trả lời,['INVALID'],Khác,Khác,"['Xác suất ""an toàn""']",muốn trên trung bình là được
2026/04/03 6:37:31 CH GMT+7,Lớp 11,Miền Nam,"['Địa', 'Sử', 'Anh']","['Công nghệ nông nghiệp', 'Công nghệ công nghiệp', 'Tin']",[6.0 - 7.0),['C00'],Khác,Xét tuyển bằng điểm thi THPTQG,['Thứ hạng ước tính'],Muốn biết có thuộc Top không
2026/04/03 7:27:20 CH GMT+7,Lớp 10,Miền Nam,['Sinh'],['Toán'],[7.0 - 8.0),['INVALID'],[27 - 30],Xét tuyển bằng điểm thi THPTQG,"['Xác suất ""an toàn""', 'Phân tích phổ điểm', 'So sánh tổ hợp']",Xem bản thân có đủ điều kiện để đạt được nguyện vọng hay không.
2026/04/03 8:27:59 CH GMT+7,Lớp 11,Miền Nam,['Toán'],['Lý'],[8.0 - 9.0),['INVALID'],[18 - 21),Đủ điều kiện xét học bạ / ĐGNL,"['Vị thế tương đối', 'Phân tích phổ điểm', 'So sánh tổ hợp']",
2026/04/03 8:29:19 CH GMT+7,Lớp 11,Miền Nam,['Toán'],"['Lý', 'Anh']",Mình ngại lắm / Không muốn trả lời,['INVALID'],[18 - 21),Đủ điều kiện xét học bạ / ĐGNL,['So sánh tổ hợp'],
2026/04/03 9:27:40 CH GMT+7,Lớp 10,Miền Nam,"['Văn', 'Anh', 'Toán']","['Sinh', 'Hóa', 'Lý']",[7.0 - 8.0),['INVALID'],[24 - 27),Đủ điều kiện xét học bạ / ĐGNL,"['Xác suất ""an toàn""']",
2026/04/03 9:43:41 CH GMT+7,Lớp 10,Miền Nam,"['Hóa', 'Lý', 'Toán']","['Sinh', 'Văn', 'Anh']",[8.0 - 9.0),['INVALID'],[24 - 27),Xét tuyển bằng điểm thi THPTQG,"['Xác suất ""an toàn""']",
2026/04/03 9:44:18 CH GMT+7,Lớp 10,Miền Nam,"['Lý', 'Anh', 'Toán']","['Sinh', 'Văn', 'Hóa']",[7.0 - 8.0),['A01'],[21 - 24),Xét tuyển bằng điểm thi THPTQG,"['Xác suất ""an toàn""']",
2026/04/03 9:46:22 CH GMT+7,Lớp 10,Miền Nam,"['Lý', 'Anh', 'Toán']","['Sinh', 'Hóa', 'Sử']",[7.0 - 8.0),['A01'],[24 - 27),Xét tuyển bằng điểm thi THPTQG,"['Xác suất ""an toàn""']",
2026/04/03 9:48:29 CH GMT+7,Lớp 10,Miền Nam,"['Văn', 'Anh', 'Toán']","['Sinh', 'Hóa', 'Lý']",[7.0 - 8.0),['A01'],[21 - 24),Xét tuyển bằng điểm thi THPTQG,"['Xác suất ""an toàn""']",
2026/04/03 9:49:22 CH GMT+7,Lớp 10,Miền Nam,"['Hóa', 'Lý', 'Toán']",['Anh'],[8.0 - 9.0),['A00'],[21 - 24),Xét tuyển bằng điểm thi THPTQG,"['Xác suất ""an toàn""']",Muốn vào được trường mong muốn là đủ
2026/04/03 9:51:43 CH GMT+7,Đã tốt nghiệp THPT,Miền Nam,"['Văn', 'Anh', 'Toán']","['Sinh', 'Hóa', 'Lý']",[6.0 - 7.0),['A00'],[18 - 21),Lấy điểm để đi du học hoặc xét tuyển riêng.,['Thứ hạng ước tính'],Muốn đậu visa Du Học Úc🩷
2026/04/03 9:53:06 CH GMT+7,Lớp 10,Miền Nam,"['Sinh', 'Hóa', 'Toán']","['Lý', 'Anh', 'Tin']",Mình đang là học sinh lớp 10 nên chưa biết,['INVALID'],[21 - 24),Xét tuyển bằng điểm thi THPTQG,"['Xác suất ""an toàn""']",
2026/04/03 9:54:51 CH GMT+7,Lớp 10,Miền Nam,['Văn'],"['Lý', 'Sinh', 'Sử', 'Anh', 'Toán', 'Tin', 'Hóa']",Mình đang là học sinh lớp 10 nên chưa biết,['INVALID'],[24 - 27),Đủ điều kiện xét học bạ / ĐGNL,"['Vị thế tương đối', 'Xác suất ""an toàn""', 'Thứ hạng ước tính', 'Phân tích phổ điểm', 'So sánh tổ hợp']",
2026/04/03 9:57:57 CH GMT+7,Lớp 10,Miền Nam,"['Văn', 'Toán']","['Lý', 'Anh']",[7.0 - 8.0),['A00'],[21 - 24),Lấy điểm để đi du học hoặc xét tuyển riêng.,['So sánh tổ hợp'],chứng minh bản thân mình đã làm được chưa
2026/04/03 9:59:16 CH GMT+7,Lớp 12,Miền Nam,"['Văn', 'Lý', 'Sử', 'Anh', 'Địa']","['Tin', 'Toán']",Mình ngại lắm / Không muốn trả lời,"['D01', 'A01']",[24 - 27),Xét tuyển bằng điểm thi THPTQG,"['Vị thế tương đối', 'Xác suất ""an toàn""', 'Thứ hạng ước tính', 'Phân tích phổ điểm', 'So sánh tổ hợp']",Muốn thuộc top 100 nha
2026/04/03 10:00:27 CH GMT+7,Lớp 10,Miền Nam,"['Anh', 'Toán']","['Sinh', 'Hóa', 'Toán']",[9.0 - 10.0],['INVALID'],[24 - 27),Xét tuyển bằng điểm thi THPTQG,"['Xác suất ""an toàn""']",
2026/04/03 10:01:47 CH GMT+7,Lớp 10,Miền Nam,"['Văn', 'Lý', 'Sử', 'Anh', 'Địa']","['Tin', 'Toán']",[8.0 - 9.0),"['D01', 'A01']",[24 - 27),Khác,"['Vị thế tương đối', 'Xác suất ""an toàn""', 'Thứ hạng ước tính', 'Phân tích phổ điểm', 'So sánh tổ hợp']",Muốn thuộc top 100 nha
2026/04/03 10:03:31 CH GMT+7,Lớp 10,Miền Trung,"['Lý', 'Công nghệ công nghiệp', 'Sinh', 'Sử', 'Anh', 'Toán', 'Địa', 'Hóa', 'GDKT&PL (Hoặc GDCD)', 'Tin', 'Văn']",['Công nghệ nông nghiệp'],Mình ngại lắm / Không muốn trả lời,['D01'],[27 - 30],Lấy điểm để đi du học hoặc xét tuyển riêng.,"['Vị thế tương đối', 'Xác suất ""an toàn""', 'Thứ hạng ước tính', 'Phân tích phổ điểm', 'So sánh tổ hợp']",Biết mình ở vị trí top 100 TP hay không
2026/04/03 10:31:21 CH GMT+7,Lớp 10,Miền Trung,"['Văn', 'Sử', 'Anh', 'Toán', 'Tin', 'Địa']","['Lý', 'Công nghệ công nghiệp', 'Sinh', 'Hóa', 'GDKT&PL (Hoặc GDCD)', 'Công nghệ nông nghiệp']",Mình đang là học sinh lớp 10 nên chưa biết,['D01'],[21 - 24),Xét tuyển bằng điểm thi THPTQG,"['Thứ hạng ước tính', 'Phân tích phổ điểm']",
2026/04/03 10:49:21 CH GMT+7,Lớp 10,Miền Nam,['Hóa'],['Toán'],Mình đang là học sinh lớp 10 nên chưa biết,['D07'],[21 - 24),Xét tuyển bằng điểm thi THPTQG,"['Vị thế tương đối', 'Xác suất ""an toàn""']",
2026/04/03 10:51:29 CH GMT+7,Lớp 10,Miền Nam,"['Anh', 'Toán']","['Lý', 'Toán']",[8.0 - 9.0),"['A01', 'D01']",[21 - 24),Xét tuyển bằng điểm thi THPTQG,"['Xác suất ""an toàn""']",muốn so sánh điểm với bạn bè một cách ẩn danh
2026/04/04 3:53:08 SA GMT+7,Lớp 10,Miền Nam,['Hóa'],['Toán'],[8.0 - 9.0),['A00'],[27 - 30],Xét tuyển bằng điểm thi THPTQG,"['Xác suất ""an toàn""']",
2026/04/04 10:43:44 SA GMT+7,Lớp 10,Miền Nam,['Văn'],"['Lý', 'Công nghệ công nghiệp', 'Anh', 'Toán', 'Tin', 'Hóa', 'GDKT&PL (Hoặc GDCD)', 'Địa', 'Công nghệ nông nghiệp']",[7.0 - 8.0),['INVALID'],[15 - 18),Đủ điều kiện xét học bạ / ĐGNL,"['Vị thế tương đối', 'Xác suất ""an toàn""', 'Thứ hạng ước tính', 'Phân tích phổ điểm', 'So sánh tổ hợp']",
2026/04/04 12:52:14 CH GMT+7,Lớp 10,Miền Nam,['Anh'],"['Tin', 'Lý', 'Toán']",[7.0 - 8.0),['INVALID'],[24 - 27),Lấy điểm để đi du học hoặc xét tuyển riêng.,"['Xác suất ""an toàn""']",Ko biết
2026/04/04 1:06:04 CH GMT+7,Lớp 10,Miền Nam,"['Lý', 'Anh', 'Toán']","['Công nghệ công nghiệp', 'Sinh', 'Sử', 'Hóa', 'GDKT&PL (Hoặc GDCD)', 'Địa', 'Công nghệ nông nghiệp']",[6.0 - 7.0),['A01'],[24 - 27),Lấy điểm để đi du học hoặc xét tuyển riêng.,['Phân tích phổ điểm'],
2026/04/04 1:06:07 CH GMT+7,Lớp 10,Miền Nam,"['Địa', 'Toán']",['Anh'],[8.0 - 9.0),['C04'],[24 - 27),Xét tuyển bằng điểm thi THPTQG,['Phân tích phổ điểm'],có trong danh sách điểm cao ở trường
2026/04/04 2:04:55 CH GMT+7,Lớp 10,Miền Nam,"['Địa', 'Văn', 'Sử']","['Anh', 'Toán']",[7.0 - 8.0),['D14'],[24 - 27),Xét tuyển bằng điểm thi THPTQG,['Thứ hạng ước tính'],
2026/04/05 4:42:14 CH GMT+7,Lớp 12,Miền Nam,"['Sinh', 'Hóa', 'Toán']",['Văn'],[9.0 - 10.0],['INVALID'],[27 - 30],Xét tuyển bằng điểm thi THPTQG,"['Vị thế tương đối', 'Thứ hạng ước tính']",
2026/04/05 5:25:39 CH GMT+7,Đã tốt nghiệp THPT,Miền Bắc,"['Lý', 'Anh', 'Toán']","['Văn', 'Toán']",[8.0 - 9.0),['A01'],[24 - 27),Xét tuyển bằng điểm thi THPTQG,"['Xác suất ""an toàn""']",
2026/04/05 6:43:44 CH GMT+7,Lớp 10,Miền Nam,['Anh'],"['Sinh', 'Văn', 'Toán']",[9.0 - 10.0],"['D01', 'B08']",[24 - 27),Xét tuyển bằng điểm thi THPTQG,"['Vị thế tương đối', 'Xác suất ""an toàn""', 'Thứ hạng ước tính', 'So sánh tổ hợp']","Muốn biết mình thuộc top mấy của tỉnh, muốn biết điểm của các bạn một cách ẩn danh"
2026/04/05 6:50:35 CH GMT+7,Lớp 10,Miền Nam,"['Lý', 'Anh', 'Toán']","['Sinh', 'Văn', 'Hóa']",[8.0 - 9.0),['A01'],[24 - 27),Đủ điều kiện xét học bạ / ĐGNL,"['Vị thế tương đối', 'Xác suất ""an toàn""', 'Thứ hạng ước tính']",
2026/04/05 9:20:55 CH GMT+7,Đã tốt nghiệp THPT,Miền Nam,['Sử'],['Anh'],Mình ngại lắm / Không muốn trả lời,['INVALID'],[21 - 24),Xét tuyển bằng điểm thi THPTQG,['Thứ hạng ước tính'],
2026/04/06 6:51:57 CH GMT+7,Lớp 10,Miền Nam,"['Sinh', 'Văn', 'Hóa', 'Toán']","['GDKT&PL (Hoặc GDCD)', 'Địa', 'Anh']",[9.0 - 10.0],['B00'],[27 - 30],Đủ điều kiện xét học bạ / ĐGNL,['So sánh tổ hợp'],mình muốn thuộc top 10 của TPHCM
2026/04/12 10:58:42 SA GMT+7,Lớp 12,Miền Nam,"['Lý', 'Anh', 'Toán']",['Toán'],[7.0 - 8.0),['INVALID'],[21 - 24),Xét tuyển bằng điểm thi THPTQG,"['Xác suất ""an toàn""', 'So sánh tổ hợp']",So sánh điểm với bạn bè
2026/04/12 3:49:50 CH GMT+7,Lớp 12,Miền Nam,['Anh'],['Toán'],[7.0 - 8.0),['D07'],[18 - 21),Xét tuyển bằng điểm thi THPTQG,"['Xác suất ""an toàn""']",Đậu vào trường mình muốn
