"Dấu thời gian","Bạn hiện đang là học sinh lớp mấy?","Bạn đến từ miền nào? (Bao gồm các khu vực hải đảo tương ứng)","Bạn giỏi những môn nào trong những môn bạn dự tính thi THPTQG?","Bạn không giỏi những môn nào trong những môn bạn dự tính thi THPTQG?","Điểm trung bình trong lớp của bạn như thế nào ở học kỳ gần nhất?","Bạn dự định sẽ thi những tổ hợp nào? 
(Nếu chưa quyết định, em hãy điền tổ hợp mà em đang có xu hướng chọn cao nhất nhé.)","Bạn dự đoán điểm tổ hợp của bạn sẽ trong khoảng nào?","Mục đích bạn thi THPTQG là gì?","Giả sử bạn vừa biết điểm thi tốt nghiệp THPTQG, bạn muốn biết điều gì về kết quả của mình?","Ngoài những mong muốn trên, bạn còn khao khát điều gì khác khi cầm tờ kết quả trên tay? (Ví dụ: Muốn biết mình có thuộc Top 100 của tỉnh không, hay muốn so sánh điểm với bạn bè một cách ẩn danh...)  "
"2026/03/24 7:09:52 CH GMT+7","Lớp 12","Miền Nam (bao gồm Đông Nam Bộ và Đồng bằng sông Cửu Long)","","","[8.0 - 9.0)","A00","[24 - 27)","Xét tuyển bằng điểm thi THPTQG","Vị thế tương đối;Xác suất ""an toàn""",""
"2026/03/24 10:27:40 CH GMT+7","Lớp 11","Miền Nam (bao gồm Đông Nam Bộ và Đồng bằng sông Cửu Long)","","","[8.0 - 9.0)","A01","[24 - 27)","Xét tuyển bằng điểm thi THPTQG","Vị thế tương đối;Xác suất ""an toàn"";So sánh tổ hợp","em mong muốn được vỡ oà cảm xúc sau những chặng đường dài mà em đã mỏi mệt trải qua để có được số điểm mong muốnp"
"2026/03/24 10:28:35 CH GMT+7","Lớp 12","Miền Nam (bao gồm Đông Nam Bộ và Đồng bằng sông Cửu Long)","","","[8.0 - 9.0)","D01 A01","[18 - 21)","Xét tuyển bằng điểm thi THPTQG","Xác suất ""an toàn""","Biết mình đậu hay ki"
"2026/03/25 5:50:08 CH GMT+7","Thí sinh tự do","Miền Trung (bao gồm Bắc Trung Bộ, Duyên hải Nam Trung Bộ, và Tây Nguyên)","","","[9.0 - 10.0]","A00","[27 - 30)","Lấy điểm để đi du học hoặc xét tuyển riêng.","Phân tích phổ điểm","Nụ cười của cha mẹ"
"2026/03/26 11:29:09 SA GMT+7","Cựu học sinh / sinh viên (Đã tốt nghiệp THPT)","Miền Trung (bao gồm Bắc Trung Bộ, Duyên hải Nam Trung Bộ, và Tây Nguyên)","Toán (Đại số / Giải tích);Hóa học","Ngữ văn;Tiếng Anh;Sinh học","[8.0 - 9.0)","A00","[24 - 27)","Xét tuyển bằng điểm thi THPTQG","Phân tích phổ điểm;So sánh tổ hợp",""
"2026/03/26 11:40:45 SA GMT+7","Cựu học sinh / sinh viên (Đã tốt nghiệp THPT)","Miền Nam (bao gồm Đông Nam Bộ và Đồng bằng sông Cửu Long)","Vật lý;Hóa học","Toán (Đại số / Giải tích);Toán (Hình học);Tiếng Anh","[8.0 - 9.0)","A00","[24 - 27)","Xét tuyển bằng điểm thi THPTQG","Vị thế tương đối;Xác suất ""an toàn"";Thứ hạng ước tính;Phân tích phổ điểm",""
"2026/03/26 12:43:13 CH GMT+7","Lớp 10","Miền Bắc (bao gồm Trung du và miền núi Bắc Bộ, và Đồng bằng sông Hồng)","Hóa học;Sinh học","Toán (Đại số / Giải tích);Toán (Hình học);Ngữ văn;Tiếng Anh;Vật lý;Lịch sử;Địa lý;GDKT&PL (Hoặc GDCD);Tin học;Công nghệ công nghiệp;Công nghệ nông nghiệp","[8.0 - 9.0)","A00","[27 - 30)","Khác","Thứ hạng ước tính;Phân tích phổ điểm","Muốn biết có đứng top 10 toàn quốc không?"
"2026/03/26 1:59:22 CH GMT+7","Cựu học sinh / sinh viên (Đã tốt nghiệp THPT)","Miền Nam (bao gồm Đông Nam Bộ và Đồng bằng sông Cửu Long)","","Toán (Đại số / Giải tích);Toán (Hình học);Ngữ văn;Tiếng Anh;Vật lý","[6.0 - 7.0)","A01,C01","[18 - 21)","Xét tuyển bằng điểm thi THPTQG","Xác suất ""an toàn""",""
"2026/03/26 7:19:06 CH GMT+7","Cựu học sinh / sinh viên (Đã tốt nghiệp THPT)","Miền Nam (bao gồm Đông Nam Bộ và Đồng bằng sông Cửu Long)","Toán (Đại số / Giải tích);Vật lý;Tin học","Tiếng Anh","[8.0 - 9.0)","A00","[24 - 27)","Xét tuyển bằng điểm thi THPTQG","Xác suất ""an toàn""","Có "
"2026/03/26 7:33:47 CH GMT+7","Cựu học sinh / sinh viên (Đã tốt nghiệp THPT)","Miền Nam (bao gồm Đông Nam Bộ và Đồng bằng sông Cửu Long)","Toán (Đại số / Giải tích);Toán (Hình học);Ngữ văn;Tiếng Anh;Vật lý;Hóa học;Sinh học","Toán (Đại số / Giải tích);Toán (Hình học);Tiếng Anh;Hóa học;Sinh học","[8.0 - 9.0)","B00, D01","[24 - 27)","Xét tuyển bằng điểm thi THPTQG","Vị thế tương đối;Xác suất ""an toàn"";So sánh tổ hợp",""
"2026/03/30 12:39:36 CH GMT+7","Cựu học sinh / sinh viên (Đã tốt nghiệp THPT)","Miền Bắc (bao gồm Trung du và miền núi Bắc Bộ, và Đồng bằng sông Hồng)","Toán (Đại số / Giải tích);Ngữ văn","Tiếng Anh","[8.0 - 9.0)","D1","[24 - 27)","Xét tuyển bằng điểm thi THPTQG","Thứ hạng ước tính;Phân tích phổ điểm",""
"2026/03/30 1:24:00 CH GMT+7","Cựu học sinh / sinh viên (Đã tốt nghiệp THPT)","Miền Nam (bao gồm Đông Nam Bộ và Đồng bằng sông Cửu Long)","Toán (Đại số / Giải tích);Ngữ văn","Tiếng Anh","[8.0 - 9.0)","D","[24 - 27)","Xét tuyển bằng điểm thi THPTQG","Vị thế tương đối;Xác suất ""an toàn""",""
"2026/03/30 2:19:26 CH GMT+7","Lớp 12","Miền Trung (bao gồm Bắc Trung Bộ, Duyên hải Nam Trung Bộ, và Tây Nguyên)","Ngữ văn;Lịch sử;Địa lý","Tiếng Anh","[7.0 - 8.0)","Khối C","[21 - 24)","Xét tuyển bằng điểm thi THPTQG","Vị thế tương đối;Xác suất ""an toàn"";Phân tích phổ điểm;So sánh tổ hợp",""
"2026/03/30 4:18:40 CH GMT+7","Cựu học sinh / sinh viên (Đã tốt nghiệp THPT)","Miền Trung (bao gồm Bắc Trung Bộ, Duyên hải Nam Trung Bộ, và Tây Nguyên)","Toán (Đại số / Giải tích);Toán (Hình học);Ngữ văn;Tiếng Anh;Sinh học","Vật lý;Hóa học","[9.0 - 10.0]","D1","[24 - 27)","Chỉ để xét tốt nghiệp THPT / Thi cho có","Xác suất ""an toàn""",""
"2026/03/30 4:42:21 CH GMT+7","Cựu học sinh / sinh viên (Đã tốt nghiệp THPT)","Miền Bắc (bao gồm Trung du và miền núi Bắc Bộ, và Đồng bằng sông Hồng)","Toán (Đại số / Giải tích);Toán (Hình học);Ngữ văn;Tiếng Anh;Vật lý;Hóa học","Sinh học;Lịch sử;Địa lý;GDKT&PL (Hoặc GDCD);Công nghệ công nghiệp;Công nghệ nông nghiệp","[8.0 - 9.0)","D07, A01","[24 - 27)","Lấy điểm để đi du học hoặc xét tuyển riêng.","Vị thế tương đối;Xác suất ""an toàn""",""
"2026/03/30 4:53:15 CH GMT+7","Lớp 12","Miền Nam (bao gồm Đông Nam Bộ và Đồng bằng sông Cửu Long)","Toán (Đại số / Giải tích);Toán (Hình học);Ngữ văn;Tiếng Anh","Vật lý;Tin học","[8.0 - 9.0)","D01","[27 - 30]","Xét tuyển bằng điểm thi THPTQG","Xác suất ""an toàn""",""
"2026/03/30 7:39:49 CH GMT+7","Cựu học sinh / sinh viên (Đã tốt nghiệp THPT)","Miền Bắc (bao gồm Trung du và miền núi Bắc Bộ, và Đồng bằng sông Hồng)","Toán (Đại số / Giải tích);Tiếng Anh","Vật lý;Hóa học;Sinh học","[8.0 - 9.0)","Toán, Văn, Anh","[24 - 27)","Xét tuyển bằng điểm thi THPTQG","Xác suất ""an toàn"";Thứ hạng ước tính;Phân tích phổ điểm",""
"2026/03/30 8:09:04 CH GMT+7","Cựu học sinh / sinh viên (Đã tốt nghiệp THPT)","Miền Nam (bao gồm Đông Nam Bộ và Đồng bằng sông Cửu Long)","","","[9.0 - 10.0]","A00, D07","[24 - 27)","Xét tuyển bằng điểm thi THPTQG","Vị thế tương đối;Thứ hạng ước tính;So sánh tổ hợp",""
"2026/03/30 10:01:48 CH GMT+7","Lớp 12","Miền Nam (bao gồm Đông Nam Bộ và Đồng bằng sông Cửu Long)","Ngữ văn;Tiếng Anh;Lịch sử;Địa lý","Toán (Đại số / Giải tích)","[8.0 - 9.0)","Anh-Văn-Địa(tự chọn) ","[21 - 24)","Xét tuyển bằng điểm thi THPTQG","Vị thế tương đối;Xác suất ""an toàn"";Thứ hạng ước tính;Phân tích phổ điểm;So sánh tổ hợp","Không"
"2026/03/30 10:06:35 CH GMT+7","Cựu học sinh / sinh viên (Đã tốt nghiệp THPT)","Miền Bắc (bao gồm Trung du và miền núi Bắc Bộ, và Đồng bằng sông Hồng)","Ngữ văn;Tiếng Anh","Toán (Đại số / Giải tích);Toán (Hình học);Vật lý;Hóa học","[8.0 - 9.0)","D01","[24 - 27)","Lấy điểm để đi du học hoặc xét tuyển riêng.","Xác suất ""an toàn"";Phân tích phổ điểm",""
"2026/03/30 10:57:54 CH GMT+7","Cựu học sinh / sinh viên (Đã tốt nghiệp THPT)","Miền Nam (bao gồm Đông Nam Bộ và Đồng bằng sông Cửu Long)","Tiếng Anh;Hóa học","Ngữ văn","[8.0 - 9.0)","d07","[24 - 27)","Xét tuyển bằng điểm thi THPTQG","Vị thế tương đối","top 1 trường"
"2026/03/30 11:59:47 CH GMT+7","Cựu học sinh / sinh viên (Đã tốt nghiệp THPT)","Miền Nam (bao gồm Đông Nam Bộ và Đồng bằng sông Cửu Long)","Vật lý","Hóa học","[6.0 - 7.0)","A00","[21 - 24)","Xét tuyển bằng điểm thi THPTQG","Phân tích phổ điểm",""
"2026/03/31 8:45:56 SA GMT+7","Cựu học sinh / sinh viên (Đã tốt nghiệp THPT)","Miền Trung (bao gồm Bắc Trung Bộ, Duyên hải Nam Trung Bộ, và Tây Nguyên)","Toán (Đại số / Giải tích);Ngữ văn","Vật lý;Sinh học","[8.0 - 9.0)","Toán Văn Anh","[27 - 30]","Xét tuyển bằng điểm thi THPTQG","Vị thế tương đối;Xác suất ""an toàn"";Thứ hạng ước tính;Phân tích phổ điểm;So sánh tổ hợp",""
"2026/03/31 9:00:23 SA GMT+7","Lớp 12","Miền Bắc (bao gồm Trung du và miền núi Bắc Bộ, và Đồng bằng sông Hồng)","Toán (Đại số / Giải tích);Toán (Hình học);Vật lý;Hóa học","Ngữ văn;Tiếng Anh;Sinh học","[8.0 - 9.0)","A00","[24 - 27)","Xét tuyển bằng điểm thi THPTQG","Xác suất ""an toàn"";Thứ hạng ước tính;So sánh tổ hợp",""
"2026/04/01 10:45:20 CH GMT+7","Cựu học sinh / sinh viên (Đã tốt nghiệp THPT)","Miền Trung (bao gồm Bắc Trung Bộ, Duyên hải Nam Trung Bộ, và Tây Nguyên)","Toán (Đại số / Giải tích);Ngữ văn","Tiếng Anh;Hóa học;Sinh học","[8.0 - 9.0)","Toán Văn Anh","[27 - 30]","Xét tuyển bằng điểm thi THPTQG","Vị thế tương đối;Xác suất ""an toàn""",""
"2026/04/02 8:07:12 SA GMT+7","Lớp 10","Miền Nam (bao gồm Đông Nam Bộ và Đồng bằng sông Cửu Long)","Toán (Đại số / Giải tích);Toán (Hình học);Ngữ văn;Tiếng Anh;Vật lý;Hóa học;Sinh học;Lịch sử;Địa lý;GDKT&PL (Hoặc GDCD);Tin học;Công nghệ công nghiệp;Công nghệ nông nghiệp;python","giỏi hết","Dưới 5.0","toán lý hoá sinh sử địa ","[27 - 30]","Lấy điểm để đi du học hoặc xét tuyển riêng.","Vị thế tương đối;Xác suất ""an toàn"";Thứ hạng ước tính;Phân tích phổ điểm;So sánh tổ hợp",""
"2026/04/02 8:08:15 SA GMT+7","Lớp 10","Miền Bắc (bao gồm Trung du và miền núi Bắc Bộ, và Đồng bằng sông Hồng)","Ngữ văn;Tiếng Anh","Toán (Đại số / Giải tích);Toán (Hình học);Vật lý;Hóa học;Sinh học","[9.0 - 10.0]","toán văn anh hoặc toán lý anh ạ","[18 - 21)","Lấy điểm để đi du học hoặc xét tuyển riêng.","Xác suất ""an toàn"";Thứ hạng ước tính","muốn biết mình thuộc top bao nhiêu"
"2026/04/02 8:59:31 SA GMT+7","Lớp 12","Miền Bắc (bao gồm Trung du và miền núi Bắc Bộ, và Đồng bằng sông Hồng)","Toán (Đại số / Giải tích);Toán (Hình học);Ngữ văn;Tiếng Anh;Vật lý;Hóa học","Toán (Hình học);Tiếng Anh","[8.0 - 9.0)","A01","[24 - 27)","Xét tuyển bằng điểm thi THPTQG","Xác suất ""an toàn""",""
"2026/04/02 9:00:02 SA GMT+7","Cựu học sinh / sinh viên (Đã tốt nghiệp THPT)","Miền Nam (bao gồm Đông Nam Bộ và Đồng bằng sông Cửu Long)","Toán (Hình học);Ngữ văn;Hóa học;Sinh học","Tiếng Anh;Địa lý;GDKT&PL (Hoặc GDCD)","[7.0 - 8.0)","B00","[21 - 24)","Xét tuyển bằng điểm thi THPTQG","Thứ hạng ước tính","Không"
"2026/04/02 9:01:24 SA GMT+7","Lớp 10","Miền Nam (bao gồm Đông Nam Bộ và Đồng bằng sông Cửu Long)","Toán (Hình học);Ngữ văn;Tiếng Anh;Vật lý","","[9.0 - 10.0]","A00","[24 - 27)","Xét tuyển bằng điểm thi THPTQG","Xác suất ""an toàn""",""
"2026/04/02 9:02:39 SA GMT+7","Lớp 10","Miền Nam (bao gồm Đông Nam Bộ và Đồng bằng sông Cửu Long)","Hóa học;Sinh học","Toán (Đại số / Giải tích);Toán (Hình học)","Mình đang là học sinh lớp 10 nên chưa biết","B00","[24 - 27)","Xét tuyển bằng điểm thi THPTQG","Xác suất ""an toàn"";Phân tích phổ điểm","muốn biết mình có thuộc top không"
"2026/04/02 9:04:01 SA GMT+7","Lớp 10","Miền Nam (bao gồm Đông Nam Bộ và Đồng bằng sông Cửu Long)","Toán (Đại số / Giải tích);Hóa học;Sinh học","Toán (Đại số / Giải tích)","Mình đang là học sinh lớp 10 nên chưa biết","Toán,Hoá,Sinh","[21 - 24)","Xét tuyển bằng điểm thi THPTQG","Phân tích phổ điểm","So sánh điểm với bạn bè một cách ẩn danh"
"2026/04/02 9:08:05 SA GMT+7","Cha mẹ","Miền Nam (bao gồm Đông Nam Bộ và Đồng bằng sông Cửu Long)","Toán (Đại số / Giải tích);Toán (Hình học);Ngữ văn;Tiếng Anh;Vật lý;Hóa học;Sinh học;Lịch sử;Địa lý;GDKT&PL (Hoặc GDCD);Tin học;Công nghệ công nghiệp","Toán (Đại số / Giải tích);Toán (Hình học);Ngữ văn;Tiếng Anh","[9.0 - 10.0]","Toán, ngữ văn, tiếng anh","[27 - 30]","Khác","Xác suất ""an toàn""",""
"2026/04/02 10:08:31 SA GMT+7","Lớp 10","Miền Bắc (bao gồm Trung du và miền núi Bắc Bộ, và Đồng bằng sông Hồng)","Ngữ văn;Tiếng Anh","Toán (Đại số / Giải tích);Toán (Hình học);Vật lý;Hóa học;Sinh học","[8.0 - 9.0)","toán văn anh hoặc toán lý anh","[18 - 21)","Lấy điểm để đi du học hoặc xét tuyển riêng.","Xác suất ""an toàn"";Thứ hạng ước tính","muốn biết mình top mấy"
"2026/04/02 10:44:08 SA GMT+7","Thầy cô","Miền Nam (bao gồm Đông Nam Bộ và Đồng bằng sông Cửu Long)","","","Khác (Cha mẹ, thầy cô,...)","GV","Khác","Khác","Phân tích phổ điểm;So sánh tổ hợp","Lớp chủ nhiệm đậu 100%"
"2026/04/02 10:44:52 SA GMT+7","Lớp 10","Miền Nam (bao gồm Đông Nam Bộ và Đồng bằng sông Cửu Long)","Lịch sử","Toán (Hình học)","[7.0 - 8.0)","Văn Toán Sử","[24 - 27)","Lấy điểm để đi du học hoặc xét tuyển riêng.","Xác suất ""an toàn""","So sánh điểm với bạn bè"
"2026/04/02 10:45:31 SA GMT+7","Lớp 10","Miền Nam (bao gồm Đông Nam Bộ và Đồng bằng sông Cửu Long)","Toán (Đại số / Giải tích);Ngữ văn;Địa lý","Vật lý;Hóa học;Sinh học","Mình đang là học sinh lớp 10 nên chưa biết","Toán Văn Sử Địa","Khác","Khác","Vị thế tương đối","mình muốn vào được trường mình mong muốn "
"2026/04/02 10:46:08 SA GMT+7","Lớp 10","Miền Nam (bao gồm Đông Nam Bộ và Đồng bằng sông Cửu Long)","Ngữ văn;Lịch sử;Địa lý","Ngữ văn;Lịch sử","[8.0 - 9.0)","Toán văn anh","[18 - 21)","Đủ điều kiện xét học bạ / ĐGNL","Xác suất ""an toàn"";So sánh tổ hợp","Mình muốn đưa ba mẹ xem "
"2026/04/02 10:46:45 SA GMT+7","Lớp 10","Miền Bắc (bao gồm Trung du và miền núi Bắc Bộ, và Đồng bằng sông Hồng)","Tiếng Anh;Địa lý","Vật lý;GDKT&PL (Hoặc GDCD);Tin học","Mình ngại lắm / Không muốn trả lời","Tổ hợp D01: toán-văn- tiếng anh","[21 - 24)","Xét tuyển bằng điểm thi THPTQG","Xác suất ""an toàn""","Em Không muốn trả lời ạ..."
"2026/04/02 10:46:47 SA GMT+7","Lớp 10","Miền Nam (bao gồm Đông Nam Bộ và Đồng bằng sông Cửu Long)","Toán (Đại số / Giải tích);Ngữ văn;Lịch sử;Địa lý","Vật lý;Hóa học;Sinh học;Tin học","Mình đang là học sinh lớp 10 nên chưa biết","toán văn sử địa","Khác","Khác","Vị thế tương đối","đạt được mục tiêu mình muốn"
"2026/04/02 10:55:42 SA GMT+7","Lớp 10","Miền Nam (bao gồm Đông Nam Bộ và Đồng bằng sông Cửu Long)","Ngữ văn","Toán (Đại số / Giải tích)","[5.0 - 6.0)","Văn sử địa","[21 - 24)","Khác","Xác suất ""an toàn""","Có đủ điểm đậu không"
"2026/04/02 11:10:19 SA GMT+7","Lớp 10","Miền Nam (bao gồm Đông Nam Bộ và Đồng bằng sông Cửu Long)","Ngữ văn;Lịch sử;Tin học","Toán (Hình học);Hóa học;Địa lý","[8.0 - 9.0)","A00","[27 - 30]","Lấy điểm để đi du học hoặc xét tuyển riêng.","Xác suất ""an toàn""",""
"2026/04/02 11:14:41 SA GMT+7","Lớp 10","Miền Nam (bao gồm Đông Nam Bộ và Đồng bằng sông Cửu Long)","Toán (Đại số / Giải tích);Tiếng Anh;Vật lý","Toán (Đại số / Giải tích);Tiếng Anh;Vật lý","[8.0 - 9.0)","A01","[27 - 30]","Đủ điều kiện xét học bạ / ĐGNL","Xác suất ""an toàn""","Dự đoán có đậu nv1 hay kh^^"
"2026/04/02 11:14:58 SA GMT+7","Lớp 12","Miền Nam (bao gồm Đông Nam Bộ và Đồng bằng sông Cửu Long)","Toán (Đại số / Giải tích);Toán (Hình học);Vật lý;Hóa học","","[8.0 - 9.0)","A00","[21 - 24)","Xét tuyển bằng điểm thi THPTQG","Vị thế tương đối;Xác suất ""an toàn"";Phân tích phổ điểm",""
"2026/04/02 11:15:28 SA GMT+7","Thí sinh tự do","Miền Nam (bao gồm Đông Nam Bộ và Đồng bằng sông Cửu Long)","Toán (Đại số / Giải tích);Tiếng Anh;Hóa học","Toán (Đại số / Giải tích)","Mình đang là học sinh lớp 10 nên chưa biết","Toán Lý Hoá","[24 - 27)","Xét tuyển bằng điểm thi THPTQG","Vị thế tương đối",""
"2026/04/02 11:15:48 SA GMT+7","Lớp 10","Miền Nam (bao gồm Đông Nam Bộ và Đồng bằng sông Cửu Long)","Toán (Đại số / Giải tích);Toán (Hình học);Hóa học","Vật lý","Mình đang là học sinh lớp 10 nên chưa biết","Toán-Lý-Hoá","[24 - 27)","Xét tuyển bằng điểm thi THPTQG","Xác suất ""an toàn"";Thứ hạng ước tính;Phân tích phổ điểm","muon đỗ nv1😭"
"2026/04/02 11:16:26 SA GMT+7","Lớp 10","Miền Nam (bao gồm Đông Nam Bộ và Đồng bằng sông Cửu Long)","Toán (Đại số / Giải tích);Tiếng Anh;Hóa học","Toán (Đại số / Giải tích)","Mình đang là học sinh lớp 10 nên chưa biết","toán Lý Hoá","[24 - 27)","Xét tuyển bằng điểm thi THPTQG","Vị thế tương đối",""
"2026/04/02 11:20:40 SA GMT+7","Cựu học sinh / sinh viên (Đã tốt nghiệp THPT)","Miền Nam (bao gồm Đông Nam Bộ và Đồng bằng sông Cửu Long)","Ngữ văn;Lịch sử;Địa lý;GDKT&PL (Hoặc GDCD)","Toán (Đại số / Giải tích);Toán (Hình học);Tiếng Anh","[7.0 - 8.0)","C00","[21 - 24)","Xét tuyển bằng điểm thi THPTQG","Xác suất ""an toàn"";So sánh tổ hợp",""
"2026/04/02 11:22:16 SA GMT+7","Lớp 10","Miền Nam (bao gồm Đông Nam Bộ và Đồng bằng sông Cửu Long)","Toán (Đại số / Giải tích);Toán (Hình học)","Tiếng Anh","[9.0 - 10.0]",".","[24 - 27)","Xét tuyển bằng điểm thi THPTQG","Vị thế tương đối","."
"2026/04/02 11:23:01 SA GMT+7","Lớp 10","Miền Bắc (bao gồm Trung du và miền núi Bắc Bộ, và Đồng bằng sông Hồng)","Toán (Hình học);Hóa học;Sinh học","Toán (Hình học);Vật lý;Tin học","Mình ngại lắm / Không muốn trả lời","B00 (Toán,Hoá,Sinh)","[27 - 30]","Xét tuyển bằng điểm thi THPTQG","Vị thế tương đối;",""
"2026/04/02 11:28:19 SA GMT+7","Lớp 10","Miền Nam (bao gồm Đông Nam Bộ và Đồng bằng sông Cửu Long)","Ngữ văn","Tiếng Anh","[7.0 - 8.0)","C00","[21 - 24)","Xét tuyển bằng điểm thi THPTQG","Thứ hạng ước tính",""
"2026/04/02 11:28:23 SA GMT+7","Lớp 10","Miền Nam (bao gồm Đông Nam Bộ và Đồng bằng sông Cửu Long)","Toán (Đại số / Giải tích);Toán (Hình học);Hóa học;Sinh học","Toán (Đại số / Giải tích);Toán (Hình học);Hóa học;Lịch sử","Mình đang là học sinh lớp 10 nên chưa biết","B","[24 - 27)","Xét tuyển bằng điểm thi THPTQG","Xác suất ""an toàn""","Ngủ "
"2026/04/02 11:28:40 SA GMT+7","Lớp 10","Miền Nam (bao gồm Đông Nam Bộ và Đồng bằng sông Cửu Long)","Ngữ văn","Vật lý","Mình ngại lắm / Không muốn trả lời","D01","[24 - 27)","Đủ điều kiện xét học bạ / ĐGNL","Thứ hạng ước tính",""
"2026/04/02 11:28:56 SA GMT+7","Lớp 10","Miền Nam (bao gồm Đông Nam Bộ và Đồng bằng sông Cửu Long)","Toán (Đại số / Giải tích);Toán (Hình học);Tiếng Anh;Vật lý","Toán (Đại số / Giải tích);Toán (Hình học);Tiếng Anh;Vật lý","Mình đang là học sinh lớp 10 nên chưa biết","toán lý anh","[24 - 27)","Lấy điểm để đi du học hoặc xét tuyển riêng.","Vị thế tương đối;Xác suất ""an toàn"";Thứ hạng ước tính;Phân tích phổ điểm;So sánh tổ hợp",""
"2026/04/02 11:29:16 SA GMT+7","Lớp 10","Miền Nam (bao gồm Đông Nam Bộ và Đồng bằng sông Cửu Long)","Toán (Đại số / Giải tích);Ngữ văn;Tiếng Anh;Vật lý;Lịch sử;Địa lý;GDKT&PL (Hoặc GDCD)","Tiếng Anh","[6.0 - 7.0)","Hg bít","Khác","Khác","Xác suất ""an toàn"";Thứ hạng ước tính",""
"2026/04/02 11:29:28 SA GMT+7","Lớp 10","Miền Nam (bao gồm Đông Nam Bộ và Đồng bằng sông Cửu Long)","Toán (Đại số / Giải tích);Toán (Hình học)","Tiếng Anh","Mình đang là học sinh lớp 10 nên chưa biết","Toán-Lý-Anh","[21 - 24)","Xét tuyển bằng điểm thi THPTQG","Phân tích phổ điểm",""
"2026/04/02 11:29:51 SA GMT+7","Thí sinh tự do","Miền Nam (bao gồm Đông Nam Bộ và Đồng bằng sông Cửu Long)","Toán (Đại số / Giải tích);Tiếng Anh;Hóa học","Ngữ văn;GDKT&PL (Hoặc GDCD);Tin học","Mình đang là học sinh lớp 10 nên chưa biết","toán, anh, hoá","[24 - 27)","Lấy điểm để đi du học hoặc xét tuyển riêng.","Xác suất ""an toàn""",""
"2026/04/02 11:29:52 SA GMT+7","Lớp 10","Miền Nam (bao gồm Đông Nam Bộ và Đồng bằng sông Cửu Long)","Tiếng Anh;Hóa học;Tin học","Toán (Đại số / Giải tích);Ngữ văn;Vật lý;Sinh học","[8.0 - 9.0)","toán lý anh","[21 - 24)","Khác","Xác suất ""an toàn""","vào được sư phạm anh văn"
"2026/04/02 11:30:13 SA GMT+7","Lớp 10","Miền Nam (bao gồm Đông Nam Bộ và Đồng bằng sông Cửu Long)","Ngữ văn;Tiếng Anh;Sinh học","Vật lý;Hóa học","[9.0 - 10.0]","D01","[24 - 27)","Xét tuyển bằng điểm thi THPTQG","Vị thế tương đối;Xác suất ""an toàn"";Phân tích phổ điểm",""
"2026/04/02 11:30:27 SA GMT+7","Lớp 11","Miền Nam (bao gồm Đông Nam Bộ và Đồng bằng sông Cửu Long)","Toán (Đại số / Giải tích);Ngữ văn;Tiếng Anh;Địa lý","Toán (Đại số / Giải tích)","[8.0 - 9.0)","D01, D15","[27 - 30]","Xét tuyển bằng điểm thi THPTQG","Xác suất ""an toàn""","không"
"2026/04/02 11:30:43 SA GMT+7","Lớp 12","Miền Nam (bao gồm Đông Nam Bộ và Đồng bằng sông Cửu Long)","Ngữ văn;Tiếng Anh;Lịch sử","Toán (Đại số / Giải tích);Toán (Hình học)","[7.0 - 8.0)","D14","[21 - 24)","Lấy điểm để đi du học hoặc xét tuyển riêng.","Xác suất ""an toàn""","Không"
"2026/04/02 11:30:49 SA GMT+7","Lớp 10","Miền Nam (bao gồm Đông Nam Bộ và Đồng bằng sông Cửu Long)","Ngữ văn","Toán (Hình học)","[6.0 - 7.0)","C00","[18 - 21)","Xét tuyển bằng điểm thi THPTQG","Xác suất ""an toàn""",""
"2026/04/02 11:30:57 SA GMT+7","Cha mẹ","Miền Nam (bao gồm Đông Nam Bộ và Đồng bằng sông Cửu Long)","Tiếng Anh;Vật lý","Toán (Đại số / Giải tích);Toán (Hình học)","Khác (Cha mẹ, thầy cô,...)","A01","Khác","Khác","Xác suất ""an toàn"";Phân tích phổ điểm;So sánh tổ hợp",""
"2026/04/02 11:31:28 SA GMT+7","Lớp 11","Miền Nam (bao gồm Đông Nam Bộ và Đồng bằng sông Cửu Long)","Toán (Đại số / Giải tích);Ngữ văn;Tiếng Anh;Địa lý","Toán (Đại số / Giải tích)","[8.0 - 9.0)","D01,D15","[27 - 30]","Xét tuyển bằng điểm thi THPTQG","Xác suất ""an toàn""","không "
"2026/04/02 11:31:41 SA GMT+7","Lớp 10","Miền Nam (bao gồm Đông Nam Bộ và Đồng bằng sông Cửu Long)","Toán (Hình học);Hóa học;Sinh học","Toán (Đại số / Giải tích);Tiếng Anh;Vật lý","[8.0 - 9.0)","toán hoá sinh","[21 - 24)","Lấy điểm để đi du học hoặc xét tuyển riêng.","Xác suất ""an toàn""",""
"2026/04/02 11:31:47 SA GMT+7","Lớp 11","Miền Nam (bao gồm Đông Nam Bộ và Đồng bằng sông Cửu Long)","Ngữ văn;Sinh học;Lịch sử;GDKT&PL (Hoặc GDCD)","Toán (Đại số / Giải tích);Toán (Hình học);Vật lý;Hóa học","[6.0 - 7.0)","C00","[18 - 21)","Đủ điều kiện xét học bạ / ĐGNL","Xác suất ""an toàn""",""
"2026/04/02 11:32:24 SA GMT+7","Lớp 10","Miền Nam (bao gồm Đông Nam Bộ và Đồng bằng sông Cửu Long)","Hóa học","Toán (Đại số / Giải tích);Vật lý","[9.0 - 10.0]","Toán Lý Hóa","[24 - 27)","Xét tuyển bằng điểm thi THPTQG","Xác suất ""an toàn""","Khômg"
"2026/04/02 11:33:12 SA GMT+7","Lớp 10","Miền Nam (bao gồm Đông Nam Bộ và Đồng bằng sông Cửu Long)","Toán (Đại số / Giải tích);Ngữ văn","Tiếng Anh","[9.0 - 10.0]","văn","[21 - 24)","Xét tuyển bằng điểm thi THPTQG","Xác suất ""an toàn""",""
"2026/04/02 11:33:33 SA GMT+7","Thí sinh tự do","Miền Nam (bao gồm Đông Nam Bộ và Đồng bằng sông Cửu Long)","Toán (Đại số / Giải tích);Tiếng Anh;Vật lý;Hóa học","Ngữ văn;Tin học","Mình ngại lắm / Không muốn trả lời","Toán-Anh-Hoá","[24 - 27)","Lấy điểm để đi du học hoặc xét tuyển riêng.","Xác suất ""an toàn""",""
"2026/04/02 11:33:51 SA GMT+7","Lớp 10","Miền Bắc (bao gồm Trung du và miền núi Bắc Bộ, và Đồng bằng sông Hồng)","Ngữ văn;Lịch sử","Toán (Đại số / Giải tích);Toán (Hình học);Ngữ văn;Tiếng Anh","Mình đang là học sinh lớp 10 nên chưa biết","D01","[24 - 27)","Xét tuyển bằng điểm thi THPTQG","Phân tích phổ điểm",""
"2026/04/02 11:34:02 SA GMT+7","Cha mẹ","Miền Nam (bao gồm Đông Nam Bộ và Đồng bằng sông Cửu Long)","Phụ huynh","Phụ huynh","Khác (Cha mẹ, thầy cô,...)","Con tôi chọn thi toán lý hóa","[24 - 27)","Xét tuyển bằng điểm thi THPTQG","Thứ hạng ước tính",""
"2026/04/02 11:34:06 SA GMT+7","Lớp 10","Miền Nam (bao gồm Đông Nam Bộ và Đồng bằng sông Cửu Long)","Ngữ văn;Vật lý;Hóa học","Toán (Đại số / Giải tích);Tiếng Anh","Mình đang là học sinh lớp 10 nên chưa biết","A00, D07","[24 - 27)","Xét tuyển bằng điểm thi THPTQG","Xác suất ""an toàn""",""
"2026/04/02 11:35:26 SA GMT+7","Lớp 10","Miền Nam (bao gồm Đông Nam Bộ và Đồng bằng sông Cửu Long)","Ngữ văn;Lịch sử;Địa lý","Toán (Đại số / Giải tích);Toán (Hình học);Tiếng Anh;Hóa học","[7.0 - 8.0)","(văn sử địa )","[27 - 30]","Đủ điều kiện xét học bạ / ĐGNL","Xác suất ""an toàn""","Muốn biết mình có đậu trường mình muốn hay khonho "
"2026/04/02 11:35:44 SA GMT+7","Cha mẹ","Miền Nam (bao gồm Đông Nam Bộ và Đồng bằng sông Cửu Long)","Phụ huynh","Phụ huynh","Khác (Cha mẹ, thầy cô,...)","Con tôi thi Toán Lý Hóa","[24 - 27)","Xét tuyển bằng điểm thi THPTQG","Xác suất ""an toàn"";",""
"2026/04/02 11:35:52 SA GMT+7","Lớp 10","Miền Nam (bao gồm Đông Nam Bộ và Đồng bằng sông Cửu Long)","Ngữ văn;Tiếng Anh;Vật lý","Toán (Đại số / Giải tích);Toán (Hình học)","[8.0 - 9.0)","D01,A01","[24 - 27)","Xét tuyển bằng điểm thi THPTQG","Vị thế tương đối;Xác suất ""an toàn""","Thành công hơn nữa"
"2026/04/02 11:36:43 SA GMT+7","Lớp 10","Miền Nam (bao gồm Đông Nam Bộ và Đồng bằng sông Cửu Long)","Ngữ văn;Tiếng Anh;GDKT&PL (Hoặc GDCD)","Vật lý","[9.0 - 10.0]","Văn Anh GDKTPL","[24 - 27)","Xét tuyển bằng điểm thi THPTQG","Xác suất ""an toàn""","Đủ điểm đậu ngành mong muốn"
"2026/04/02 11:36:49 SA GMT+7","Lớp 10","Miền Nam (bao gồm Đông Nam Bộ và Đồng bằng sông Cửu Long)","Ngữ văn;Tiếng Anh;Lịch sử;GDKT&PL (Hoặc GDCD)","Toán (Đại số / Giải tích);Toán (Hình học);Vật lý;Hóa học;Sinh học;GDKT&PL (Hoặc GDCD)","[7.0 - 8.0)","CO3:  toán văn sử","Khác","Đủ điều kiện xét học bạ / ĐGNL","Vị thế tương đối;Xác suất ""an toàn"";","Muốn biết mình có đậu nv1 không"
"2026/04/02 11:36:52 SA GMT+7","Lớp 10","Miền Nam (bao gồm Đông Nam Bộ và Đồng bằng sông Cửu Long)","Toán (Đại số / Giải tích);Toán (Hình học);Ngữ văn;Tiếng Anh;Vật lý;Hóa học;Sinh học;Công nghệ nông nghiệp","Toán (Hình học);Tiếng Anh;Vật lý;Sinh học;Địa lý","[6.0 - 7.0)","Tổ hợp Toán,Ngữ văn,Sinh học,Tiếng Anh","[21 - 24)","Lấy điểm để đi du học hoặc xét tuyển riêng.","Xác suất ""an toàn"";Thứ hạng ước tính","Không có"
"2026/04/02 11:36:57 SA GMT+7","Cha mẹ","Miền Nam (bao gồm Đông Nam Bộ và Đồng bằng sông Cửu Long)","Gia đình","Gia đình","Khác (Cha mẹ, thầy cô,...)","Toán Lý Hóa","[24 - 27)","Xét tuyển bằng điểm thi THPTQG","Xác suất ""an toàn""",""
"2026/04/02 11:36:59 SA GMT+7","Lớp 10","Miền Nam (bao gồm Đông Nam Bộ và Đồng bằng sông Cửu Long)","Toán (Đại số / Giải tích);Toán (Hình học);Ngữ văn;Tiếng Anh;Vật lý;vẽ năng khiếu","Hóa học;Sinh học;Tin học","Mình đang là học sinh lớp 10 nên chưa biết","V00","[24 - 27)","Xét tuyển bằng điểm thi THPTQG","Xác suất ""an toàn""","đậu UAH"
"2026/04/02 11:37:03 SA GMT+7","Lớp 10","Miền Nam (bao gồm Đông Nam Bộ và Đồng bằng sông Cửu Long)","Sinh học","Toán (Đại số / Giải tích);Toán (Hình học);Hóa học","[7.0 - 8.0)","Toán,Hoá,Sinh","[27 - 30]","Chỉ để xét tốt nghiệp THPT / Thi cho có","Vị thế tương đối;Xác suất ""an toàn""",""
"2026/04/02 11:37:04 SA GMT+7","Lớp 12","Miền Nam (bao gồm Đông Nam Bộ và Đồng bằng sông Cửu Long)","Toán (Đại số / Giải tích);Tiếng Anh;Vật lý","Hóa học;Sinh học;Lịch sử","[8.0 - 9.0)","Toán Lý Anh","[21 - 24)","Xét tuyển bằng điểm thi THPTQG","Xác suất ""an toàn""",""
"2026/04/02 11:37:45 SA GMT+7","Lớp 10","Miền Nam (bao gồm Đông Nam Bộ và Đồng bằng sông Cửu Long)","Ngữ văn;Tiếng Anh;GDKT&PL (Hoặc GDCD)","Tiếng Anh","Mình đang là học sinh lớp 10 nên chưa biết","Toán văn anh","[24 - 27)","Xét tuyển bằng điểm thi THPTQG","Xác suất ""an toàn""","Đậu"
"2026/04/02 11:38:04 SA GMT+7","Lớp 10","Miền Nam (bao gồm Đông Nam Bộ và Đồng bằng sông Cửu Long)","Tiếng Anh","Toán (Hình học)","Mình đang là học sinh lớp 10 nên chưa biết","Tổ hợp khối D01","[15 - 18)","Đủ điều kiện xét học bạ / ĐGNL","Xác suất ""an toàn""","
Mình muốn biết điểm mình có đủ tốt chưa
"
"2026/04/02 11:38:16 SA GMT+7","Lớp 10","Miền Nam (bao gồm Đông Nam Bộ và Đồng bằng sông Cửu Long)","","","[9.0 - 10.0]","A00","[27 - 30]","Chỉ để xét tốt nghiệp THPT / Thi cho có","Vị thế tương đối","Top 1 tphcm"
"2026/04/02 11:39:05 SA GMT+7","Lớp 10","Miền Nam (bao gồm Đông Nam Bộ và Đồng bằng sông Cửu Long)","Ngữ văn","Vật lý","Mình ngại lắm / Không muốn trả lời","Tổ hợp D","[24 - 27)","Xét tuyển bằng điểm thi THPTQG","Xác suất ""an toàn""","Không"
"2026/04/02 11:39:38 SA GMT+7","Lớp 11","Miền Nam (bao gồm Đông Nam Bộ và Đồng bằng sông Cửu Long)","Hóa học","Toán (Đại số / Giải tích);Toán (Hình học);Vật lý","[9.0 - 10.0]","Toán, lý, hoá","[24 - 27)","Xét tuyển bằng điểm thi THPTQG","Vị thế tương đối;Xác suất ""an toàn"";Thứ hạng ước tính;Phân tích phổ điểm;So sánh tổ hợp",""
"2026/04/02 11:39:45 SA GMT+7","Lớp 10","Miền Nam (bao gồm Đông Nam Bộ và Đồng bằng sông Cửu Long)","Tiếng Anh","Toán (Đại số / Giải tích);Toán (Hình học);Vật lý;Hóa học","[8.0 - 9.0)","tổ hợp Toán Văn Anh","[24 - 27)","Lấy điểm để đi du học hoặc xét tuyển riêng.","Vị thế tương đối;","Muốn biết cơ hội đậu các nguyện vọng và vị trí của mình so với các bạn khác."
"2026/04/02 11:40:04 SA GMT+7","Lớp 10","Miền Nam (bao gồm Đông Nam Bộ và Đồng bằng sông Cửu Long)","Hóa học","Toán (Đại số / Giải tích);Vật lý","[9.0 - 10.0]","Toán Lý Hóa","[24 - 27)","Xét tuyển bằng điểm thi THPTQG","Xác suất ""an toàn""",""
"2026/04/02 11:41:08 SA GMT+7","Lớp 10","Miền Nam (bao gồm Đông Nam Bộ và Đồng bằng sông Cửu Long)","Toán (Đại số / Giải tích);Vật lý;Hóa học","Ngữ văn;Lịch sử;Địa lý;GDKT&PL (Hoặc GDCD);Công nghệ công nghiệp;Công nghệ nông nghiệp","Mình đang là học sinh lớp 10 nên chưa biết","A00","[24 - 27)","Xét tuyển bằng điểm thi THPTQG","Phân tích phổ điểm"," Muốn biết mình có thuộc Top 100 của tỉnh không"
"2026/04/02 11:41:17 SA GMT+7","Lớp 10","Miền Nam (bao gồm Đông Nam Bộ và Đồng bằng sông Cửu Long)","Hóa học;Sinh học","Toán (Đại số / Giải tích);Toán (Hình học)","[7.0 - 8.0)","B00","[18 - 21)","Xét tuyển bằng điểm thi THPTQG","Vị thế tương đối","không còn"
"2026/04/02 11:42:02 SA GMT+7","Lớp 10","Miền Nam (bao gồm Đông Nam Bộ và Đồng bằng sông Cửu Long)","Hóa học;Sinh học","Vật lý","[8.0 - 9.0)","Toán, Lý Hóa","[24 - 27)","Khác","Xác suất ""an toàn""",""
"2026/04/02 11:42:26 SA GMT+7","Thí sinh tự do","Miền Nam (bao gồm Đông Nam Bộ và Đồng bằng sông Cửu Long)","Vật lý;Công nghệ công nghiệp","Địa lý","[9.0 - 10.0]","Toán văn anh","[18 - 21)","Lấy điểm để đi du học hoặc xét tuyển riêng.","Thứ hạng ước tính",""
"2026/04/02 11:42:38 SA GMT+7","Lớp 10","Miền Nam (bao gồm Đông Nam Bộ và Đồng bằng sông Cửu Long)","Tiếng Anh;Địa lý","Sinh học;Lịch sử","[8.0 - 9.0)","chưa biết","[24 - 27)","Lấy điểm để đi du học hoặc xét tuyển riêng.","Phân tích phổ điểm","không"
"2026/04/02 11:42:43 SA GMT+7","Lớp 12","Miền Nam (bao gồm Đông Nam Bộ và Đồng bằng sông Cửu Long)","Địa lý","Toán (Đại số / Giải tích);Toán (Hình học);Ngữ văn;Lịch sử","[8.0 - 9.0)","C00 , C04 , A07","[24 - 27)","Xét tuyển bằng điểm thi THPTQG","Vị thế tương đối;Xác suất ""an toàn""","khao khát được nhìn thấy số điểm đã mơ ước "
"2026/04/02 11:42:49 SA GMT+7","Lớp 10","Miền Nam (bao gồm Đông Nam Bộ và Đồng bằng sông Cửu Long)","Tiếng Anh","Toán (Đại số / Giải tích);Toán (Hình học);Sinh học","Mình đang là học sinh lớp 10 nên chưa biết","B08","[24 - 27)","Đủ điều kiện xét học bạ / ĐGNL","Xác suất ""an toàn""",""
"2026/04/02 11:43:24 SA GMT+7","Lớp 10","Miền Nam (bao gồm Đông Nam Bộ và Đồng bằng sông Cửu Long)","Toán (Đại số / Giải tích);Toán (Hình học);Ngữ văn;Tiếng Anh;Vật lý;Hóa học","Toán (Hình học);Ngữ văn","Mình đang là học sinh lớp 10 nên chưa biết","D07","Khác","Lấy điểm để đi du học hoặc xét tuyển riêng.","Vị thế tương đối","Không"
"2026/04/02 11:43:53 SA GMT+7","Lớp 10","Miền Nam (bao gồm Đông Nam Bộ và Đồng bằng sông Cửu Long)","Ngữ văn;Lịch sử;Địa lý;GDKT&PL (Hoặc GDCD)","Toán (Đại số / Giải tích);Toán (Hình học);Tiếng Anh;Vật lý;Hóa học;Sinh học;Lịch sử;Địa lý;GDKT&PL (Hoặc GDCD);Tin học;Công nghệ công nghiệp;Công nghệ nông nghiệp","Mình đang là học sinh lớp 10 nên chưa biết","C00","[24 - 27)","Xét tuyển bằng điểm thi THPTQG","Vị thế tương đối;Xác suất ""an toàn"";Thứ hạng ước tính;Phân tích phổ điểm;So sánh tổ hợp",""
"2026/04/02 11:44:33 SA GMT+7","Lớp 10","Miền Nam (bao gồm Đông Nam Bộ và Đồng bằng sông Cửu Long)","Toán (Đại số / Giải tích);Hóa học;Sinh học","Toán (Hình học)","[8.0 - 9.0)","b00","[24 - 27)","Xét tuyển bằng điểm thi THPTQG","Vị thế tương đối",""
"2026/04/02 11:45:36 SA GMT+7","Lớp 10","Miền Nam (bao gồm Đông Nam Bộ và Đồng bằng sông Cửu Long)","Toán (Đại số / Giải tích);Tiếng Anh;Vật lý;Tin học","Ngữ văn;Hóa học;GDKT&PL (Hoặc GDCD);Công nghệ nông nghiệp","[9.0 - 10.0]","A01, A00","[24 - 27)","Đủ điều kiện xét học bạ / ĐGNL","Vị thế tương đối;Xác suất ""an toàn"";Phân tích phổ điểm;So sánh tổ hợp",""
"2026/04/02 11:45:52 SA GMT+7","Lớp 10","Miền Nam (bao gồm Đông Nam Bộ và Đồng bằng sông Cửu Long)","Ngữ văn;Hóa học","Toán (Hình học);Tiếng Anh;Vật lý;Tin học","[7.0 - 8.0)","A00 ạ","[21 - 24)","Xét tuyển bằng điểm thi THPTQG","Xác suất ""an toàn""","Muốn so sánh điểm với ban bè môt cách ẩn danh"
"2026/04/02 11:47:22 SA GMT+7","Lớp 10","Miền Nam (bao gồm Đông Nam Bộ và Đồng bằng sông Cửu Long)","Toán (Đại số / Giải tích)","Tiếng Anh","Mình đang là học sinh lớp 10 nên chưa biết","Toán , Lí , Hoá","Khác","Khác","Vị thế tương đối;Xác suất ""an toàn"";Thứ hạng ước tính;Phân tích phổ điểm","Mình muốn mình đậu"
"2026/04/02 11:47:39 SA GMT+7","Lớp 10","Miền Nam (bao gồm Đông Nam Bộ và Đồng bằng sông Cửu Long)","Hóa học","Toán (Hình học)","[7.0 - 8.0)","A00","[21 - 24)","Xét tuyển bằng điểm thi THPTQG","Xác suất ""an toàn""",""
"2026/04/02 11:50:04 SA GMT+7","Lớp 12","Miền Nam (bao gồm Đông Nam Bộ và Đồng bằng sông Cửu Long)","Ngữ văn;Tiếng Anh","Toán (Đại số / Giải tích);Toán (Hình học);Vật lý","[8.0 - 9.0)","Toán- vật lý-tiếng anh","[24 - 27)","Xét tuyển bằng điểm thi THPTQG","Vị thế tương đối;Phân tích phổ điểm;So sánh tổ hợp","Không"
"2026/04/02 11:50:44 SA GMT+7","Lớp 10","Miền Nam (bao gồm Đông Nam Bộ và Đồng bằng sông Cửu Long)","Tiếng Anh","Toán (Đại số / Giải tích);Vật lý","[8.0 - 9.0)","D04,D01","[27 - 30]","Xét tuyển bằng điểm thi THPTQG","Xác suất ""an toàn"";Thứ hạng ước tính",""
"2026/04/02 11:51:24 SA GMT+7","Lớp 10","Miền Nam (bao gồm Đông Nam Bộ và Đồng bằng sông Cửu Long)","Toán (Đại số / Giải tích);Hóa học;Sinh học","Ngữ văn;Vật lý","[7.0 - 8.0)","B00","[24 - 27)","Đủ điều kiện xét học bạ / ĐGNL","Xác suất ""an toàn"";So sánh tổ hợp","Đậu đạt trường mong muốn"
"2026/04/02 11:51:25 SA GMT+7","Lớp 12","Miền Nam (bao gồm Đông Nam Bộ và Đồng bằng sông Cửu Long)","Ngữ văn;Tiếng Anh","Toán (Đại số / Giải tích);Toán (Hình học);Vật lý","[8.0 - 9.0)","Toán , vật lý , tiếng anh","[24 - 27)","Xét tuyển bằng điểm thi THPTQG","Vị thế tương đối;Phân tích phổ điểm;So sánh tổ hợp","Không
"
"2026/04/02 11:51:58 SA GMT+7","Lớp 10","Miền Nam (bao gồm Đông Nam Bộ và Đồng bằng sông Cửu Long)","Toán (Đại số / Giải tích);Toán (Hình học);Vật lý;Hóa học","Ngữ văn","[8.0 - 9.0)","Toán Lí Hoá","[21 - 24)","Lấy điểm để đi du học hoặc xét tuyển riêng.","Xác suất ""an toàn""","Muốn sau này có cuộc sống tốt"
"2026/04/02 11:52:02 SA GMT+7","Lớp 10","Miền Nam (bao gồm Đông Nam Bộ và Đồng bằng sông Cửu Long)","Toán (Đại số / Giải tích);Toán (Hình học);Ngữ văn;Tiếng Anh","Vật lý","[7.0 - 8.0)","A00 và A01","[24 - 27)","Lấy điểm để đi du học hoặc xét tuyển riêng.","Vị thế tương đối;Xác suất ""an toàn"";Thứ hạng ước tính;Phân tích phổ điểm;So sánh tổ hợp","không"
"2026/04/02 11:54:21 SA GMT+7","Lớp 10","Miền Trung (bao gồm Bắc Trung Bộ, Duyên hải Nam Trung Bộ, và Tây Nguyên)","Tiếng Anh","Toán (Đại số / Giải tích);Vật lý","[7.0 - 8.0)","em đang có xu hướng chọn cao nhất","[18 - 21)","Xét tuyển bằng điểm thi THPTQG","Xác suất ""an toàn""","muốn so sánh điểm với bạn bè "
"2026/04/02 11:54:23 SA GMT+7","Lớp 10","Miền Nam (bao gồm Đông Nam Bộ và Đồng bằng sông Cửu Long)","Toán (Đại số / Giải tích);Toán (Hình học);Tiếng Anh;Vật lý;Hóa học","Toán (Đại số / Giải tích);Toán (Hình học);Vật lý","[8.0 - 9.0)","Toán lý anh","[24 - 27)","Lấy điểm để đi du học hoặc xét tuyển riêng.","Vị thế tương đối;Xác suất ""an toàn"";Thứ hạng ước tính;Phân tích phổ điểm;So sánh tổ hợp","Muốn bt mình top bao nhiêu của trường"
"2026/04/02 11:54:44 SA GMT+7","Lớp 10","Miền Nam (bao gồm Đông Nam Bộ và Đồng bằng sông Cửu Long)","Ngữ văn;Lịch sử;Địa lý","Toán (Hình học);Tiếng Anh","[8.0 - 9.0)","C00","[24 - 27)","Xét tuyển bằng điểm thi THPTQG","Vị thế tương đối;Xác suất ""an toàn"";","Không ạ"
"2026/04/02 11:55:05 SA GMT+7","Lớp 10","Miền Nam (bao gồm Đông Nam Bộ và Đồng bằng sông Cửu Long)","Tiếng Anh","Toán (Đại số / Giải tích);Toán (Hình học);Vật lý","[7.0 - 8.0)","A00","Khác","Lấy điểm để đi du học hoặc xét tuyển riêng.","Xác suất ""an toàn""",""
"2026/04/02 11:58:04 SA GMT+7","Lớp 12","Miền Nam (bao gồm Đông Nam Bộ và Đồng bằng sông Cửu Long)","Toán (Đại số / Giải tích);Toán (Hình học);Tiếng Anh","","[9.0 - 10.0]","A01","[27 - 30]","Xét tuyển bằng điểm thi THPTQG","Vị thế tương đối;Xác suất ""an toàn"";Phân tích phổ điểm",""
"2026/04/02 11:58:05 SA GMT+7","Lớp 11","Miền Nam (bao gồm Đông Nam Bộ và Đồng bằng sông Cửu Long)","","","[6.0 - 7.0)","sinh,hoá","[18 - 21)","Khác","đạt kết quá mong muốn và đậu ngôi trường mình chọn",""
"2026/04/02 11:58:42 SA GMT+7","Lớp 10","Miền Nam (bao gồm Đông Nam Bộ và Đồng bằng sông Cửu Long)","Địa lý","Toán (Hình học);Ngữ văn;Tiếng Anh","[6.0 - 7.0)","DO1","[18 - 21)","Xét tuyển bằng điểm thi THPTQG","Xác suất ""an toàn""","Đậu trường mong muốn"
"2026/04/02 11:59:03 SA GMT+7","Lớp 10","Miền Nam (bao gồm Đông Nam Bộ và Đồng bằng sông Cửu Long)","Toán (Đại số / Giải tích);Toán (Hình học)","Toán (Đại số / Giải tích);Toán (Hình học)","Mình đang là học sinh lớp 10 nên chưa biết","Toán văn anh","[21 - 24)","Xét tuyển bằng điểm thi THPTQG","Vị thế tương đối;Xác suất ""an toàn"";Thứ hạng ước tính;Phân tích phổ điểm;So sánh tổ hợp",""
"2026/04/02 11:59:30 SA GMT+7","Lớp 10","Miền Nam (bao gồm Đông Nam Bộ và Đồng bằng sông Cửu Long)","Toán (Đại số / Giải tích);Ngữ văn","Toán (Hình học);Tiếng Anh","Mình đang là học sinh lớp 10 nên chưa biết","D01: Toán, Văn, Anh","[24 - 27)","Xét tuyển bằng điểm thi THPTQG","Xác suất ""an toàn""","“Mình muốn biết cơ hội đậu đại học và năng lực mình tới đâu"
"2026/04/02 12:00:10 CH GMT+7","Lớp 10","Miền Nam (bao gồm Đông Nam Bộ và Đồng bằng sông Cửu Long)","Toán (Đại số / Giải tích);Hóa học","Toán (Hình học)","Mình đang là học sinh lớp 10 nên chưa biết","Toán-lý-hoá","[27 - 30]","Xét tuyển bằng điểm thi THPTQG","Xác suất ""an toàn"";Thứ hạng ước tính",""
"2026/04/02 12:03:28 CH GMT+7","Lớp 10","Miền Nam (bao gồm Đông Nam Bộ và Đồng bằng sông Cửu Long)","Toán (Đại số / Giải tích);Toán (Hình học);Vật lý;Hóa học","Ngữ văn;Sinh học","Mình đang là học sinh lớp 10 nên chưa biết","A00 hoặc B00","[24 - 27)","Khác","Vị thế tương đối;Xác suất ""an toàn"";Thứ hạng ước tính","Không còn"
"2026/04/02 12:04:41 CH GMT+7","Lớp 10","Miền Nam (bao gồm Đông Nam Bộ và Đồng bằng sông Cửu Long)","Vật lý;Hóa học","Tiếng Anh;Sinh học;Tin học","[7.0 - 8.0)","Toán, lý ,hoá, văn","[18 - 21)","Khác","Xác suất ""an toàn""","Khoe"
"2026/04/02 12:05:12 CH GMT+7","Lớp 12","Miền Bắc (bao gồm Trung du và miền núi Bắc Bộ, và Đồng bằng sông Hồng)","Vật lý","Toán (Đại số / Giải tích);Toán (Hình học)","[8.0 - 9.0)","A01","[21 - 24)","Xét tuyển bằng điểm thi THPTQG","Xác suất ""an toàn""",""
"2026/04/02 12:06:47 CH GMT+7","Lớp 10","Miền Nam (bao gồm Đông Nam Bộ và Đồng bằng sông Cửu Long)","Toán (Đại số / Giải tích);Ngữ văn;Địa lý","Toán (Hình học);Tiếng Anh","Mình đang là học sinh lớp 10 nên chưa biết","C04","[21 - 24)","Lấy điểm để đi du học hoặc xét tuyển riêng.","Xác suất ""an toàn""",""
"2026/04/02 12:13:15 CH GMT+7","Lớp 10","Miền Nam (bao gồm Đông Nam Bộ và Đồng bằng sông Cửu Long)","Toán (Đại số / Giải tích);Toán (Hình học);Tiếng Anh;Vật lý;Tin học","Ngữ văn;GDKT&PL (Hoặc GDCD);Công nghệ công nghiệp;Công nghệ nông nghiệp","[9.0 - 10.0]","A00, A01","[24 - 27)","Đủ điều kiện xét học bạ / ĐGNL","Vị thế tương đối;Xác suất ""an toàn"";Thứ hạng ước tính;Phân tích phổ điểm",""
"2026/04/02 12:18:44 CH GMT+7","Lớp 10","Miền Nam (bao gồm Đông Nam Bộ và Đồng bằng sông Cửu Long)","Toán (Đại số / Giải tích);Ngữ văn;Tin học","Toán (Hình học);Tiếng Anh","[8.0 - 9.0)","D01","[21 - 24)","Lấy điểm để đi du học hoặc xét tuyển riêng.","Vị thế tương đối;Thứ hạng ước tính;Phân tích phổ điểm",""
"2026/04/02 12:21:36 CH GMT+7","Lớp 10","Miền Nam (bao gồm Đông Nam Bộ và Đồng bằng sông Cửu Long)","Toán (Đại số / Giải tích);Ngữ văn;Tiếng Anh","Vật lý;Hóa học;Sinh học","[9.0 - 10.0]","D01","[21 - 24)","Xét tuyển bằng điểm thi THPTQG","Thứ hạng ước tính",""
"2026/04/02 12:25:32 CH GMT+7","Lớp 10","Miền Nam (bao gồm Đông Nam Bộ và Đồng bằng sông Cửu Long)","Ngữ văn","Toán (Đại số / Giải tích);Toán (Hình học)","[6.0 - 7.0)","c00 c01","[18 - 21)","Đủ điều kiện xét học bạ / ĐGNL","Phân tích phổ điểm","không"
"2026/04/02 12:33:45 CH GMT+7","Lớp 10","Miền Nam (bao gồm Đông Nam Bộ và Đồng bằng sông Cửu Long)","Toán (Đại số / Giải tích);Toán (Hình học);Ngữ văn;Hóa học","Toán (Đại số / Giải tích);Toán (Hình học);Ngữ văn;Hóa học","[7.0 - 8.0)","Toán Lý Hóa ","[24 - 27)","Xét tuyển bằng điểm thi THPTQG","So sánh tổ hợp",""
"2026/04/02 12:36:02 CH GMT+7","Lớp 10","Miền Nam (bao gồm Đông Nam Bộ và Đồng bằng sông Cửu Long)","Toán (Đại số / Giải tích);Tiếng Anh;Vật lý","Hóa học;Sinh học","[7.0 - 8.0)","A01","[21 - 24)","Xét tuyển bằng điểm thi THPTQG","Phân tích phổ điểm","Đủ điểm đậu trường mình muốn"
"2026/04/02 12:55:17 CH GMT+7","Lớp 11","Miền Nam (bao gồm Đông Nam Bộ và Đồng bằng sông Cửu Long)","Hóa học;Sinh học","Toán (Đại số / Giải tích);Toán (Hình học)","[8.0 - 9.0)","Toán Hóa Sinh","[27 - 30]","Lấy điểm để đi du học hoặc xét tuyển riêng.","Vị thế tương đối;Xác suất ""an toàn"";Thứ hạng ước tính;Phân tích phổ điểm;So sánh tổ hợp","Nghỉ hè"
"2026/04/02 12:55:45 CH GMT+7","Lớp 11","Miền Nam (bao gồm Đông Nam Bộ và Đồng bằng sông Cửu Long)","Toán (Hình học)","Toán (Đại số / Giải tích);Vật lý;Hóa học","[8.0 - 9.0)","Toán, Lí, Hóa","[24 - 27)","Xét tuyển bằng điểm thi THPTQG","Vị thế tương đối;Xác suất ""an toàn"";Thứ hạng ước tính;Phân tích phổ điểm;So sánh tổ hợp","Thứ hạng so với những người thi cùng ngành"
"2026/04/02 12:57:08 CH GMT+7","Lớp 11","Miền Nam (bao gồm Đông Nam Bộ và Đồng bằng sông Cửu Long)","Toán (Đại số / Giải tích);Toán (Hình học);Tiếng Anh","Vật lý;Hóa học","[7.0 - 8.0)","A00","[27 - 30]","Xét tuyển bằng điểm thi THPTQG","Xác suất ""an toàn"";Phân tích phổ điểm","Đậu đại học"
"2026/04/02 12:58:17 CH GMT+7","Lớp 11","Miền Nam (bao gồm Đông Nam Bộ và Đồng bằng sông Cửu Long)","Ngữ văn;Sinh học","Toán (Đại số / Giải tích);Toán (Hình học);Hóa học","[8.0 - 9.0)","Toán Văn Hóa Sinh","[27 - 30]","Xét tuyển bằng điểm thi THPTQG","Xác suất ""an toàn""","Muốn biết đậu hay không"
"2026/04/02 12:59:18 CH GMT+7","Lớp 10","Miền Nam (bao gồm Đông Nam Bộ và Đồng bằng sông Cửu Long)","Tiếng Anh;Sinh học","Toán (Hình học)","[9.0 - 10.0]","Toán - Sinh - Anh","[24 - 27)","Xét tuyển bằng điểm thi THPTQG","Vị thế tương đối;Xác suất ""an toàn"";Thứ hạng ước tính;Phân tích phổ điểm","Muốn biết mình thuộc top mấy, so sánh điểm với các bạn ẩn danh"
"2026/04/02 1:00:17 CH GMT+7","Lớp 10","Miền Nam (bao gồm Đông Nam Bộ và Đồng bằng sông Cửu Long)","Toán (Đại số / Giải tích);Toán (Hình học);Tiếng Anh;Vật lý;Hóa học;Sinh học","Lịch sử;Địa lý;GDKT&PL (Hoặc GDCD);Tin học;Công nghệ công nghiệp;Công nghệ nông nghiệp","[9.0 - 10.0]","A","[24 - 27)","Lấy điểm để đi du học hoặc xét tuyển riêng.","Vị thế tương đối;Xác suất ""an toàn""",""
"2026/04/02 1:00:49 CH GMT+7","lớp 9","Miền Nam (bao gồm Đông Nam Bộ và Đồng bằng sông Cửu Long)","Ngữ văn","Tiếng Anh","[9.0 - 10.0]","khối A01 (Toán, Lý, Anh)","[15 - 18)","Xét tuyển bằng điểm thi THPTQG","Xác suất ""an toàn""","Em muốn có thể so sánh điểm số một cách ẩn danh với nhóm bạn cùng mục tiêu để xem mình đang đứng ở đâu, từ đó có thêm động lực hoặc kinh nghiệm cho các bước tiếp theo."
"2026/04/02 1:04:28 CH GMT+7","Lớp 10","Miền Nam (bao gồm Đông Nam Bộ và Đồng bằng sông Cửu Long)","GDKT&PL (Hoặc GDCD)","Tiếng Anh","[5.0 - 6.0)","tổ hợp D","[15 - 18)","Đủ điều kiện xét học bạ / ĐGNL","Phân tích phổ điểm",""
"2026/04/02 1:10:03 CH GMT+7","Lớp 12","Miền Nam (bao gồm Đông Nam Bộ và Đồng bằng sông Cửu Long)","Lịch sử;Địa lý","Toán (Đại số / Giải tích);Toán (Hình học);Ngữ văn","[7.0 - 8.0)","C00","[21 - 24)","Xét tuyển bằng điểm thi THPTQG","Xác suất ""an toàn""","Ko"
"2026/04/02 1:18:36 CH GMT+7","Lớp 10","Miền Nam (bao gồm Đông Nam Bộ và Đồng bằng sông Cửu Long)","Tiếng Anh","Vật lý","[7.0 - 8.0)","toán lý anh","Khác","Lấy điểm để đi du học hoặc xét tuyển riêng.","So sánh tổ hợp","không viết"
"2026/04/02 1:42:11 CH GMT+7","Lớp 10","Miền Nam (bao gồm Đông Nam Bộ và Đồng bằng sông Cửu Long)","Toán (Đại số / Giải tích);Tiếng Anh","Tiếng Anh","Mình ngại lắm / Không muốn trả lời","A00","[18 - 21)","Lấy điểm để đi du học hoặc xét tuyển riêng.","Xác suất ""an toàn""","Muốn biết khả năng đậu vào ngành mình chọn, so sánh điểm với mặt bằng chung và biết mình cần cố gắng thêm ở môn nào."
"2026/04/02 2:20:15 CH GMT+7","Cha mẹ","Miền Nam (bao gồm Đông Nam Bộ và Đồng bằng sông Cửu Long)","Toán (Đại số / Giải tích);Toán (Hình học);Ngữ văn;Tiếng Anh;Vật lý;Hóa học;Sinh học;Lịch sử;Địa lý;GDKT&PL (Hoặc GDCD);Tin học;Công nghệ công nghiệp","Toán (Đại số / Giải tích);Toán (Hình học);Ngữ văn;Tiếng Anh","[9.0 - 10.0]","Toán, ngữ văn, tiếng anh","[27 - 30]","Khác","Xác suất ""an toàn""",""
"2026/04/02 3:26:25 CH GMT+7","Cựu học sinh / sinh viên (Đã tốt nghiệp THPT)","Miền Nam (bao gồm Đông Nam Bộ và Đồng bằng sông Cửu Long)","Toán (Đại số / Giải tích);Toán (Hình học);Hóa học;Sinh học","Ngữ văn;Vật lý;Lịch sử;Địa lý;GDKT&PL (Hoặc GDCD);Công nghệ công nghiệp;Công nghệ nông nghiệp","[8.0 - 9.0)","B00","[27 - 30]","Xét tuyển bằng điểm thi THPTQG","Vị thế tương đối","ko"
"2026/04/02 3:29:24 CH GMT+7","Lớp 10","Miền Nam (bao gồm Đông Nam Bộ và Đồng bằng sông Cửu Long)","Toán (Đại số / Giải tích);Thể dục ","Toán (Đại số / Giải tích);Toán (Hình học);Ngữ văn;Vật lý;Hóa học","Mình đang là học sinh lớp 10 nên chưa biết","Lý Hóa Toán Văn ","[24 - 27)","Xét tuyển bằng điểm thi THPTQG","Vị thế tương đối;Xác suất ""an toàn"";Phân tích phổ điểm;So sánh tổ hợp",""
"2026/04/02 3:34:30 CH GMT+7","Lớp 10","Miền Nam (bao gồm Đông Nam Bộ và Đồng bằng sông Cửu Long)","thể dục","Toán (Đại số / Giải tích);Toán (Hình học);Ngữ văn;Tiếng Anh;Vật lý;Hóa học;Sinh học","[9.0 - 10.0]","văn lý toán anh","[27 - 30]","Lấy điểm để đi du học hoặc xét tuyển riêng.","So sánh tổ hợp","tôi muốn thuộc top 100 trong thành phố"
"2026/04/02 3:40:36 CH GMT+7","Lớp 10","Miền Nam (bao gồm Đông Nam Bộ và Đồng bằng sông Cửu Long)","thể chất","Toán (Đại số / Giải tích);Toán (Hình học);Ngữ văn;Tiếng Anh;Vật lý;Hóa học;Sinh học","[9.0 - 10.0]","toán anh văn ","[27 - 30]","Xét tuyển bằng điểm thi THPTQG","Thứ hạng ước tính","tôi muốn thuộc top 100 trong cả nước"
"2026/04/02 4:14:30 CH GMT+7","Lớp 11","Miền Nam (bao gồm Đông Nam Bộ và Đồng bằng sông Cửu Long)","Tiếng Anh;Địa lý;GDKT&PL (Hoặc GDCD)","Toán (Đại số / Giải tích);Toán (Hình học);Ngữ văn","[9.0 - 10.0]","D01","[24 - 27)","Đủ điều kiện xét học bạ / ĐGNL","Xác suất ""an toàn"";Thứ hạng ước tính;Phân tích phổ điểm",""
"2026/04/02 4:17:58 CH GMT+7","Lớp 10","Miền Nam (bao gồm Đông Nam Bộ và Đồng bằng sông Cửu Long)","Toán (Đại số / Giải tích);Toán (Hình học);Ngữ văn;Vật lý;Hóa học","Vật lý","[9.0 - 10.0]","Toán - Lý - Hoá","[24 - 27)","Xét tuyển bằng điểm thi THPTQG","Vị thế tương đối",""
"2026/04/02 4:44:10 CH GMT+7","Lớp 11","Miền Nam (bao gồm Đông Nam Bộ và Đồng bằng sông Cửu Long)","Vật lý;Hóa học","Toán (Hình học)","[8.0 - 9.0)","A00 - Toán Lý Hóa","[24 - 27)","Xét tuyển bằng điểm thi THPTQG","Xác suất ""an toàn"";Thứ hạng ước tính;Phân tích phổ điểm;So sánh tổ hợp","Muốn biết mình có thuộc Top 100 của thành phố không, muốn so sánh điểm với bạn bè một cách ẩn danh"
"2026/04/02 4:48:10 CH GMT+7","Lớp 10","Miền Nam (bao gồm Đông Nam Bộ và Đồng bằng sông Cửu Long)","Ngữ văn;Tiếng Anh;","Toán (Đại số / Giải tích);Toán (Hình học);Vật lý;Hóa học;Sinh học;Lịch sử;Địa lý;GDKT&PL (Hoặc GDCD);Tin học;Công nghệ công nghiệp;Công nghệ nông nghiệp;","Mình đang là học sinh lớp 10 nên chưa biết","Toán lý anh","Khác","Khác","Xác suất ""an toàn"";","Đậu đại học"
"2026/04/02 4:48:26 CH GMT+7","Lớp 10","Miền Nam (bao gồm Đông Nam Bộ và Đồng bằng sông Cửu Long)","Ngữ văn","Toán (Đại số / Giải tích);Toán (Hình học);Tiếng Anh;Vật lý;Tin học","Mình đang là học sinh lớp 10 nên chưa biết","toán lí anh","[24 - 27)","Đủ điều kiện xét học bạ / ĐGNL","Xác suất ""an toàn""",""
"2026/04/02 4:50:35 CH GMT+7","Lớp 10","Miền Nam (bao gồm Đông Nam Bộ và Đồng bằng sông Cửu Long)","Toán (Đại số / Giải tích);Toán (Hình học);Ngữ văn;Vật lý;Hóa học","Tiếng Anh;Tin học","[7.0 - 8.0)","A00","[21 - 24)","Xét tuyển bằng điểm thi THPTQG","Xác suất ""an toàn"";So sánh tổ hợp",""
"2026/04/02 4:58:17 CH GMT+7","Lớp 10","Miền Nam (bao gồm Đông Nam Bộ và Đồng bằng sông Cửu Long)","Ngữ văn;Tiếng Anh;Địa lý","Toán (Đại số / Giải tích);Toán (Hình học);Vật lý;Hóa học","[6.0 - 7.0)","A00","[24 - 27)","Lấy điểm để đi du học hoặc xét tuyển riêng.","Xác suất ""an toàn""","Không có "
"2026/04/02 4:58:50 CH GMT+7","Lớp 10","Miền Nam (bao gồm Đông Nam Bộ và Đồng bằng sông Cửu Long)","Ngữ văn;Địa lý;","Toán (Đại số / Giải tích)","Mình đang là học sinh lớp 10 nên chưa biết","Địa - sử","Khác","Xét tuyển bằng điểm thi THPTQG","Vị thế tương đối;Xác suất ""an toàn""","Chúc anh chị thi vào ngôi trường đại học mà mình mong muốn!!"
"2026/04/02 5:03:10 CH GMT+7","Lớp 10","Miền Bắc (bao gồm Trung du và miền núi Bắc Bộ, và Đồng bằng sông Hồng)","Toán (Đại số / Giải tích);Toán (Hình học);Ngữ văn;Tiếng Anh","Vật lý;Lịch sử","[9.0 - 10.0]","D01","[24 - 27)","Xét tuyển bằng điểm thi THPTQG","Xác suất ""an toàn""","Không"
"2026/04/02 5:08:40 CH GMT+7","Lớp 10","Miền Nam (bao gồm Đông Nam Bộ và Đồng bằng sông Cửu Long)","Toán (Đại số / Giải tích);Toán (Hình học)","Vật lý","[9.0 - 10.0]","A01","[21 - 24)","Đủ điều kiện xét học bạ / ĐGNL","Xác suất ""an toàn"";Thứ hạng ước tính;Phân tích phổ điểm","Muốn biết hạng"
"2026/04/02 5:17:24 CH GMT+7","Lớp 10","Miền Nam (bao gồm Đông Nam Bộ và Đồng bằng sông Cửu Long)","Toán (Đại số / Giải tích);Tiếng Anh;Vật lý;Tin học","Ngữ văn;Hóa học;Sinh học","Mình đang là học sinh lớp 10 nên chưa biết","Toán,Lý,Anh văn","[24 - 27)","Xét tuyển bằng điểm thi THPTQG","Vị thế tương đối;Xác suất ""an toàn"";Phân tích phổ điểm",""
"2026/04/02 5:28:42 CH GMT+7","Thí sinh tự do","Miền Trung (bao gồm Bắc Trung Bộ, Duyên hải Nam Trung Bộ, và Tây Nguyên)","Toán (Đại số / Giải tích)","Ngữ văn;Tin học","[8.0 - 9.0)","Toán lý hoá","[24 - 27)","Khác","Thứ hạng ước tính",""
"2026/04/02 5:31:11 CH GMT+7","Thí sinh tự do","Miền Trung (bao gồm Bắc Trung Bộ, Duyên hải Nam Trung Bộ, và Tây Nguyên)","Ngữ văn","Ngữ văn","[8.0 - 9.0)","Ngữ văn","[21 - 24)","Đủ điều kiện xét học bạ / ĐGNL","So sánh tổ hợp",""
"2026/04/02 5:34:43 CH GMT+7","Cựu học sinh / sinh viên (Đã tốt nghiệp THPT)","Miền Nam (bao gồm Đông Nam Bộ và Đồng bằng sông Cửu Long)","Toán (Đại số / Giải tích);Tiếng Anh","Ngữ văn;Lịch sử","[8.0 - 9.0)","D01","[21 - 24)","Lấy điểm để đi du học hoặc xét tuyển riêng.","Xác suất ""an toàn""","muốn mình đạt được mục tiêu của bản thân đã đặt ra"
"2026/04/02 6:01:24 CH GMT+7","Lớp 10","Miền Nam (bao gồm Đông Nam Bộ và Đồng bằng sông Cửu Long)","Ngữ văn","Toán (Hình học)","[7.0 - 8.0)","Toán - Văn - Địa","[21 - 24)","Xét tuyển bằng điểm thi THPTQG","Xác suất ""an toàn""","Mình muốn so điểm với bạn bè một cách ẩn danh."
"2026/04/02 6:04:09 CH GMT+7","Lớp 10","Miền Nam (bao gồm Đông Nam Bộ và Đồng bằng sông Cửu Long)","Vật lý;Hóa học","Ngữ văn","Mình đang là học sinh lớp 10 nên chưa biết","A00","Khác","Xét tuyển bằng điểm thi THPTQG","Thứ hạng ước tính;Phân tích phổ điểm",""
"2026/04/02 6:08:07 CH GMT+7","Lớp 10","Miền Nam (bao gồm Đông Nam Bộ và Đồng bằng sông Cửu Long)","Toán (Đại số / Giải tích);Tiếng Anh","Ngữ văn;Vật lý","Mình đang là học sinh lớp 10 nên chưa biết","Toán Lý Anh","[24 - 27)","Xét tuyển bằng điểm thi THPTQG","Xác suất ""an toàn""","muốn biết mình có trong top 100 tỉnh hay không?"
"2026/04/02 6:10:17 CH GMT+7","Lớp 10","Miền Bắc (bao gồm Trung du và miền núi Bắc Bộ, và Đồng bằng sông Hồng)","Tiếng Anh","Định thi 1 môn thôi","[9.0 - 10.0]","A01","[24 - 27)","Lấy điểm để đi du học hoặc xét tuyển riêng.","Thứ hạng ước tính;Phân tích phổ điểm","Không"
"2026/04/02 6:10:42 CH GMT+7","Lớp 10","Miền Nam (bao gồm Đông Nam Bộ và Đồng bằng sông Cửu Long)","Tiếng Anh","Vật lý","Mình đang là học sinh lớp 10 nên chưa biết","toán lý anh","[24 - 27)","Khác","Xác suất ""an toàn""","mình muốn biết có đủ điểm đậu hay không"
"2026/04/02 6:20:29 CH GMT+7","Lớp 10","Miền Nam (bao gồm Đông Nam Bộ và Đồng bằng sông Cửu Long)","Ngữ văn;Tiếng Anh;Lịch sử","Toán (Đại số / Giải tích);Toán (Hình học)","Mình ngại lắm / Không muốn trả lời","Tự nhiên","[21 - 24)","Đủ điều kiện xét học bạ / ĐGNL","Xác suất ""an toàn""","Thuộc top của lớp là dc r"
"2026/04/02 6:20:42 CH GMT+7","Lớp 10","Miền Nam (bao gồm Đông Nam Bộ và Đồng bằng sông Cửu Long)","Toán (Đại số / Giải tích)","Tiếng Anh","[8.0 - 9.0)","Toán,lí,anh,văn","[24 - 27)","Đủ điều kiện xét học bạ / ĐGNL","Vị thế tương đối;Xác suất ""an toàn"";Thứ hạng ước tính","Có"
"2026/04/02 6:30:35 CH GMT+7","Lớp 12","Miền Nam (bao gồm Đông Nam Bộ và Đồng bằng sông Cửu Long)","Tin học","GDKT&PL (Hoặc GDCD)","[7.0 - 8.0)","Địa văn sử","Khác","Xét tuyển bằng điểm thi THPTQG","Xác suất ""an toàn""","Không"
"2026/04/02 6:30:53 CH GMT+7","Lớp 10","Miền Nam (bao gồm Đông Nam Bộ và Đồng bằng sông Cửu Long)","không giỏi môn nào ","chịu ","Mình đang là học sinh lớp 10 nên chưa biết","k bt","Khác","Xét tuyển bằng điểm thi THPTQG","k bt ","ko "
"2026/04/02 6:33:21 CH GMT+7","Lớp 10","Miền Nam (bao gồm Đông Nam Bộ và Đồng bằng sông Cửu Long)","Tiếng Anh","Toán (Hình học)","[8.0 - 9.0)","Tổ hợp D01","[24 - 27)","Chỉ để xét tốt nghiệp THPT / Thi cho có","So sánh tổ hợp",""
"2026/04/02 6:35:35 CH GMT+7","Lớp 10","Miền Nam (bao gồm Đông Nam Bộ và Đồng bằng sông Cửu Long)","Lịch sử;","Vật lý","[6.0 - 7.0)","tự nhiên","[18 - 21)","Xét tuyển bằng điểm thi THPTQG","Xác suất ""an toàn""",""
"2026/04/02 6:39:47 CH GMT+7","Lớp 10","Miền Nam (bao gồm Đông Nam Bộ và Đồng bằng sông Cửu Long)","Toán (Đại số / Giải tích);Toán (Hình học);Tiếng Anh;Vật lý","Sinh học;Tin học","[8.0 - 9.0)","A01","[27 - 30]","Xét tuyển bằng điểm thi THPTQG","Vị thế tương đối","Muốn đậu đại học"
"2026/04/02 6:40:50 CH GMT+7","Lớp 10","Miền Nam (bao gồm Đông Nam Bộ và Đồng bằng sông Cửu Long)","Tiếng Anh","Vật lý;Tin học","[8.0 - 9.0)","D15","[24 - 27)","Lấy điểm để đi du học hoặc xét tuyển riêng.","Xác suất ""an toàn""","Muốn biết đậu THPTQG"
"2026/04/02 6:43:33 CH GMT+7","Lớp 10","Miền Bắc (bao gồm Trung du và miền núi Bắc Bộ, và Đồng bằng sông Hồng)","Toán (Đại số / Giải tích);Hóa học;Sinh học","Toán (Đại số / Giải tích);Toán (Hình học)","Mình ngại lắm / Không muốn trả lời","B00 ( Toán,Hoá,Sinh )","[27 - 30]","Xét tuyển bằng điểm thi THPTQG","Vị thế tương đối",""
"2026/04/02 6:56:38 CH GMT+7","Cựu học sinh / sinh viên (Đã tốt nghiệp THPT)","Miền Bắc (bao gồm Trung du và miền núi Bắc Bộ, và Đồng bằng sông Hồng)","Toán (Đại số / Giải tích)","Toán (Đại số / Giải tích)","[7.0 - 8.0)","a00","[27 - 30]","Đủ điều kiện xét học bạ / ĐGNL","Vị thế tương đối",""
"2026/04/02 7:00:48 CH GMT+7","Lớp 10","Miền Nam (bao gồm Đông Nam Bộ và Đồng bằng sông Cửu Long)","Địa lý","Toán (Đại số / Giải tích);Toán (Hình học);Ngữ văn;Tiếng Anh","[7.0 - 8.0)","văn, toán, địa","Khác","Xét tuyển bằng điểm thi THPTQG","Xác suất ""an toàn""",""
"2026/04/02 7:01:22 CH GMT+7","Lớp 10","Miền Nam (bao gồm Đông Nam Bộ và Đồng bằng sông Cửu Long)","Toán (Đại số / Giải tích);Toán (Hình học);Tiếng Anh;Vật lý;Sinh học","Ngữ văn;Lịch sử","[8.0 - 9.0)","KHTN","[27 - 30]","Xét tuyển bằng điểm thi THPTQG","Phân tích phổ điểm","Không "
"2026/04/02 7:03:38 CH GMT+7","Lớp 10","Miền Nam (bao gồm Đông Nam Bộ và Đồng bằng sông Cửu Long)","Tiếng Anh","Ngữ văn","Mình ngại lắm / Không muốn trả lời","không biết","Khác","Lấy điểm để đi du học hoặc xét tuyển riêng.","Vị thế tương đối;Xác suất ""an toàn"";Thứ hạng ước tính;Phân tích phổ điểm;So sánh tổ hợp","không biết"
"2026/04/02 7:15:00 CH GMT+7","Lớp 10","Miền Nam (bao gồm Đông Nam Bộ và Đồng bằng sông Cửu Long)","Tiếng Anh;Vật lý;Lịch sử;Địa lý","Ngữ văn;Hóa học;Lịch sử","Mình đang là học sinh lớp 10 nên chưa biết","A00","[21 - 24)","Xét tuyển bằng điểm thi THPTQG","Vị thế tương đối","muốn biết có thuộc top 100 tình hay không
"
"2026/04/02 7:19:23 CH GMT+7","Lớp 12","Miền Nam (bao gồm Đông Nam Bộ và Đồng bằng sông Cửu Long)","Toán (Đại số / Giải tích);Toán (Hình học);Tiếng Anh;Vật lý;Hóa học;Sinh học;Lịch sử;Địa lý;Tin học;Công nghệ công nghiệp","Ngữ văn;GDKT&PL (Hoặc GDCD);Công nghệ nông nghiệp","[9.0 - 10.0]","A00","[27 - 30]","Lấy điểm để đi du học hoặc xét tuyển riêng.","Vị thế tương đối;Xác suất ""an toàn"";Thứ hạng ước tính;Phân tích phổ điểm;So sánh tổ hợp","Top 1 của trường"
"2026/04/02 7:21:03 CH GMT+7","Lớp 10","Miền Nam (bao gồm Đông Nam Bộ và Đồng bằng sông Cửu Long)","Sinh học","Toán (Đại số / Giải tích);Tiếng Anh","Mình đang là học sinh lớp 10 nên chưa biết","A00","[21 - 24)","Lấy điểm để đi du học hoặc xét tuyển riêng.","Xác suất ""an toàn""","Muốn biet mình co thuoc Top 100 của tỉnh không , hay muốn so sánh điểm với bạn bè một cách ẩn danh…"
"2026/04/02 7:24:28 CH GMT+7","Lớp 10","Miền Nam (bao gồm Đông Nam Bộ và Đồng bằng sông Cửu Long)","Toán (Đại số / Giải tích)","Toán (Đại số / Giải tích)","[7.0 - 8.0)","A00","[27 - 30]","Khác","Thứ hạng ước tính;",""
"2026/04/02 7:25:32 CH GMT+7","Lớp 10","Miền Nam (bao gồm Đông Nam Bộ và Đồng bằng sông Cửu Long)","Toán (Đại số / Giải tích);Toán (Hình học);Tiếng Anh;Vật lý","Ngữ văn","Mình đang là học sinh lớp 10 nên chưa biết","Toán , Vật lí, Tiếng anh","[24 - 27)","Xét tuyển bằng điểm thi THPTQG","Thứ hạng ước tính","Không , mình chỉ cần đậu được trường mình ao ước"
"2026/04/02 7:26:40 CH GMT+7","Cha mẹ","Miền Nam (bao gồm Đông Nam Bộ và Đồng bằng sông Cửu Long)","Toán (Đại số / Giải tích);Toán (Hình học);Ngữ văn;Vật lý;Hóa học","Ngữ văn","[7.0 - 8.0)","A00","[24 - 27)","Khác","Xác suất ""an toàn"";Thứ hạng ước tính;Phân tích phổ điểm;So sánh tổ hợp","Hồi đó chú thi trong top"
"2026/04/02 7:26:50 CH GMT+7","Lớp 10","Miền Nam (bao gồm Đông Nam Bộ và Đồng bằng sông Cửu Long)","Ngữ văn;Tiếng Anh;Vật lý;Lịch sử;Địa lý","Toán (Đại số / Giải tích);Toán (Hình học);Tin học","Mình đang là học sinh lớp 10 nên chưa biết","Anh, Địa, Văn","[18 - 21)","Xét tuyển bằng điểm thi THPTQG","Xác suất ""an toàn""","tôi không, chỉ cần đậu trường mà tôi mong muốn là được"
"2026/04/02 7:28:08 CH GMT+7","Lớp 10","Miền Nam (bao gồm Đông Nam Bộ và Đồng bằng sông Cửu Long)","Toán (Đại số / Giải tích);Ngữ văn;Địa lý;Tin học","Toán (Hình học);Tiếng Anh;GDKT&PL (Hoặc GDCD)","[8.0 - 9.0)","C04","[24 - 27)","Xét tuyển bằng điểm thi THPTQG","Xác suất ""an toàn""",""
"2026/04/02 7:28:24 CH GMT+7","Lớp 10","Miền Trung (bao gồm Bắc Trung Bộ, Duyên hải Nam Trung Bộ, và Tây Nguyên)","Ngữ văn;Tiếng Anh;GDKT&PL (Hoặc GDCD)","Toán (Đại số / Giải tích);Toán (Hình học)","[9.0 - 10.0]","Toán văn anh gdktpl","[24 - 27)","Xét tuyển bằng điểm thi THPTQG","Thứ hạng ước tính","Thủ khoa "
"2026/04/02 7:28:34 CH GMT+7","Lớp 10","Miền Nam (bao gồm Đông Nam Bộ và Đồng bằng sông Cửu Long)","Tiếng Anh","Ngữ văn","[9.0 - 10.0]","A01 và D01","[24 - 27)","Xét tuyển bằng điểm thi THPTQG","Phân tích phổ điểm","muốn biết mình thuộc top 50 tỉnh và top 5 trường hay ko"
"2026/04/02 7:28:39 CH GMT+7","Lớp 10","Miền Nam (bao gồm Đông Nam Bộ và Đồng bằng sông Cửu Long)","Toán (Đại số / Giải tích);Toán (Hình học);Ngữ văn;Hóa học;Sinh học","Hóa học;Sinh học","[9.0 - 10.0]","B00","[24 - 27)","Xét tuyển bằng điểm thi THPTQG","Vị thế tương đối;Xác suất ""an toàn"";Thứ hạng ước tính;Phân tích phổ điểm;So sánh tổ hợp","Muốn biết bản thân thuộc trong top điểm cao của tỉnh hay không"
"2026/04/02 7:30:11 CH GMT+7","Lớp 10","Miền Nam (bao gồm Đông Nam Bộ và Đồng bằng sông Cửu Long)","Toán (Đại số / Giải tích);Toán (Hình học);Tiếng Anh","Ngữ văn;Vật lý","Mình đang là học sinh lớp 10 nên chưa biết","Toán , Vật Lý, Tiếng Anh","[24 - 27)","Xét tuyển bằng điểm thi THPTQG","Xác suất ""an toàn""","Không, Mình chỉ muốn đậu vào trường Đại học mình ao ước"
"2026/04/02 7:31:08 CH GMT+7","Lớp 10","Miền Nam (bao gồm Đông Nam Bộ và Đồng bằng sông Cửu Long)","Toán (Hình học);Vật lý;Hóa học;Sinh học","Địa lý;GDKT&PL (Hoặc GDCD);Tin học","[7.0 - 8.0)","Lý hoá sinh","[21 - 24)","Xét tuyển bằng điểm thi THPTQG","Xác suất ""an toàn""",""
"2026/04/02 7:31:31 CH GMT+7","Lớp 11","Miền Bắc (bao gồm Trung du và miền núi Bắc Bộ, và Đồng bằng sông Hồng)","Toán (Đại số / Giải tích);Toán (Hình học);Ngữ văn;Tiếng Anh;Vật lý","Tiếng Anh","[7.0 - 8.0)","A01","[21 - 24)","Đủ điều kiện xét học bạ / ĐGNL","Xác suất ""an toàn"";Thứ hạng ước tính;Phân tích phổ điểm;So sánh tổ hợp;","Muốn xem phổ điểm của trường"
"2026/04/02 7:32:39 CH GMT+7","Lớp 10","Miền Nam (bao gồm Đông Nam Bộ và Đồng bằng sông Cửu Long)","Toán (Đại số / Giải tích);Ngữ văn;Tiếng Anh","Vật lý;Hóa học;Sinh học","[8.0 - 9.0)","A01","[27 - 30]","Lấy điểm để đi du học hoặc xét tuyển riêng.","Phân tích phổ điểm","muốn so sánh điểm với bạn bè một cách ẩn danh"
"2026/04/02 7:32:40 CH GMT+7","Lớp 12","Miền Nam (bao gồm Đông Nam Bộ và Đồng bằng sông Cửu Long)","Toán (Đại số / Giải tích);Toán (Hình học);Ngữ văn;Vật lý;Hóa học","Vật lý","[9.0 - 10.0]","A00","[24 - 27)","Xét tuyển bằng điểm thi THPTQG","Vị thế tương đối;Xác suất ""an toàn"";Thứ hạng ước tính;Phân tích phổ điểm;So sánh tổ hợp",""
"2026/04/02 7:33:24 CH GMT+7","Lớp 11","Miền Bắc (bao gồm Trung du và miền núi Bắc Bộ, và Đồng bằng sông Hồng)","Toán (Đại số / Giải tích);Toán (Hình học);Tiếng Anh;Hóa học","Tiếng Anh","[8.0 - 9.0)","D07","[21 - 24)","Đủ điều kiện xét học bạ / ĐGNL","Vị thế tương đối;Xác suất ""an toàn"";Thứ hạng ước tính;Phân tích phổ điểm;So sánh tổ hợp",""
"2026/04/02 7:34:12 CH GMT+7","Thí sinh tự do","Miền Trung (bao gồm Bắc Trung Bộ, Duyên hải Nam Trung Bộ, và Tây Nguyên)","Toán (Đại số / Giải tích);Toán (Hình học);Ngữ văn;Vật lý;Hóa học","Hóa học","[7.0 - 8.0)","A00","[24 - 27)","Lấy điểm để đi du học hoặc xét tuyển riêng.","Vị thế tương đối;Xác suất ""an toàn"";Thứ hạng ước tính;Phân tích phổ điểm;So sánh tổ hợp",""
"2026/04/02 7:34:50 CH GMT+7","Lớp 10","Miền Nam (bao gồm Đông Nam Bộ và Đồng bằng sông Cửu Long)","Toán (Đại số / Giải tích);Toán (Hình học);Ngữ văn;Hóa học;Sinh học","Hóa học;Sinh học","[8.0 - 9.0)","B00","[27 - 30]","Xét tuyển bằng điểm thi THPTQG","Vị thế tương đối;Xác suất ""an toàn"";Thứ hạng ước tính;Phân tích phổ điểm;So sánh tổ hợp",""
"2026/04/02 7:35:40 CH GMT+7","Thầy cô","Miền Bắc (bao gồm Trung du và miền núi Bắc Bộ, và Đồng bằng sông Hồng)","Ngữ văn;Lịch sử;Địa lý;GDKT&PL (Hoặc GDCD)","Không có","Khác (Cha mẹ, thầy cô,...)","D01","[24 - 27)","Khác","Vị thế tương đối;Xác suất ""an toàn"";Thứ hạng ước tính;Phân tích phổ điểm;So sánh tổ hợp",""
"2026/04/02 7:36:39 CH GMT+7","Lớp 12","Miền Nam (bao gồm Đông Nam Bộ và Đồng bằng sông Cửu Long)","Toán (Đại số / Giải tích);Toán (Hình học);Tiếng Anh;Vật lý","Toán (Đại số / Giải tích)","[8.0 - 9.0)","A01","[21 - 24)","Đủ điều kiện xét học bạ / ĐGNL","Vị thế tương đối;Xác suất ""an toàn"";Thứ hạng ước tính;Phân tích phổ điểm;So sánh tổ hợp",""
"2026/04/02 7:37:21 CH GMT+7","Cựu học sinh / sinh viên (Đã tốt nghiệp THPT)","Miền Trung (bao gồm Bắc Trung Bộ, Duyên hải Nam Trung Bộ, và Tây Nguyên)","Toán (Đại số / Giải tích);Toán (Hình học);Ngữ văn;Tiếng Anh","Ngữ văn","Khác (Cha mẹ, thầy cô,...)","D010","[24 - 27)","Lấy điểm để đi du học hoặc xét tuyển riêng.","Vị thế tương đối;Xác suất ""an toàn"";Thứ hạng ước tính;Phân tích phổ điểm;So sánh tổ hợp",""
"2026/04/02 7:38:03 CH GMT+7","Lớp 10","Miền Nam (bao gồm Đông Nam Bộ và Đồng bằng sông Cửu Long)","Toán (Đại số / Giải tích);Toán (Hình học);Ngữ văn;Tiếng Anh","Ngữ văn","[7.0 - 8.0)","D01","[21 - 24)","Xét tuyển bằng điểm thi THPTQG","Vị thế tương đối;Xác suất ""an toàn"";Thứ hạng ước tính;Phân tích phổ điểm;So sánh tổ hợp",""
"2026/04/02 7:39:14 CH GMT+7","Lớp 11","Miền Trung (bao gồm Bắc Trung Bộ, Duyên hải Nam Trung Bộ, và Tây Nguyên)","Toán (Đại số / Giải tích);Toán (Hình học);Tiếng Anh;Hóa học","Tiếng Anh","[7.0 - 8.0)","D07","[21 - 24)","Lấy điểm để đi du học hoặc xét tuyển riêng.","Vị thế tương đối;Xác suất ""an toàn"";Thứ hạng ước tính;Phân tích phổ điểm;So sánh tổ hợp",""
"2026/04/02 7:39:55 CH GMT+7","Cha mẹ","Miền Trung (bao gồm Bắc Trung Bộ, Duyên hải Nam Trung Bộ, và Tây Nguyên)","Toán (Đại số / Giải tích);Toán (Hình học);Vật lý;Hóa học","Hóa học","Khác (Cha mẹ, thầy cô,...)","A00","[24 - 27)","Lấy điểm để đi du học hoặc xét tuyển riêng.","Vị thế tương đối;Xác suất ""an toàn"";Thứ hạng ước tính;Phân tích phổ điểm;So sánh tổ hợp",""
"2026/04/02 7:40:43 CH GMT+7","Thầy cô","Miền Nam (bao gồm Đông Nam Bộ và Đồng bằng sông Cửu Long)","Toán (Đại số / Giải tích);Toán (Hình học);Tiếng Anh;Vật lý;Hóa học","Vật lý","Khác (Cha mẹ, thầy cô,...)","A01","[21 - 24)","Đủ điều kiện xét học bạ / ĐGNL","Vị thế tương đối;Xác suất ""an toàn"";Thứ hạng ước tính;Phân tích phổ điểm;So sánh tổ hợp",""
"2026/04/02 7:41:44 CH GMT+7","Lớp 11","Miền Trung (bao gồm Bắc Trung Bộ, Duyên hải Nam Trung Bộ, và Tây Nguyên)","Toán (Đại số / Giải tích);Toán (Hình học);Ngữ văn;Tiếng Anh","Tiếng Anh","[8.0 - 9.0)","D00","[24 - 27)","Lấy điểm để đi du học hoặc xét tuyển riêng.","Vị thế tương đối;Xác suất ""an toàn"";Thứ hạng ước tính;Phân tích phổ điểm;So sánh tổ hợp",""
"2026/04/02 7:42:23 CH GMT+7","Cựu học sinh / sinh viên (Đã tốt nghiệp THPT)","Miền Bắc (bao gồm Trung du và miền núi Bắc Bộ, và Đồng bằng sông Hồng)","Toán (Đại số / Giải tích);Toán (Hình học);Tiếng Anh;Vật lý","Tiếng Anh","[8.0 - 9.0)","A01","[21 - 24)","Đủ điều kiện xét học bạ / ĐGNL","Vị thế tương đối;Xác suất ""an toàn"";Thứ hạng ước tính;Phân tích phổ điểm;So sánh tổ hợp",""
"2026/04/02 7:43:05 CH GMT+7","Cha mẹ","Miền Nam (bao gồm Đông Nam Bộ và Đồng bằng sông Cửu Long)","Toán (Đại số / Giải tích);Toán (Hình học);Ngữ văn;Tiếng Anh","Tiếng Anh","Khác (Cha mẹ, thầy cô,...)","D00","[24 - 27)","Xét tuyển bằng điểm thi THPTQG","Vị thế tương đối;Xác suất ""an toàn"";Thứ hạng ước tính;Phân tích phổ điểm;So sánh tổ hợp",""
"2026/04/02 7:44:03 CH GMT+7","Lớp 10","Miền Bắc (bao gồm Trung du và miền núi Bắc Bộ, và Đồng bằng sông Hồng)","Toán (Đại số / Giải tích);Toán (Hình học);Sinh học;Lịch sử","Toán (Đại số / Giải tích)","[7.0 - 8.0)","B01","[24 - 27)","Xét tuyển bằng điểm thi THPTQG","Vị thế tương đối;Xác suất ""an toàn"";Thứ hạng ước tính;Phân tích phổ điểm;So sánh tổ hợp",""
"2026/04/02 7:44:55 CH GMT+7","Lớp 11","Miền Nam (bao gồm Đông Nam Bộ và Đồng bằng sông Cửu Long)","Toán (Đại số / Giải tích);Toán (Hình học);Sinh học;Lịch sử","Sinh học","[7.0 - 8.0)","B01","[24 - 27)","Đủ điều kiện xét học bạ / ĐGNL","Vị thế tương đối;Xác suất ""an toàn"";Thứ hạng ước tính;Phân tích phổ điểm;So sánh tổ hợp",""
"2026/04/02 7:55:42 CH GMT+7","Lớp 10","Miền Trung (bao gồm Bắc Trung Bộ, Duyên hải Nam Trung Bộ, và Tây Nguyên)","Địa lý","Toán (Hình học);Tiếng Anh;Tin học","[7.0 - 8.0)","toán anh địa","Khác","Xét tuyển bằng điểm thi THPTQG","Xác suất ""an toàn""","khoe mọi người"
"2026/04/02 8:24:17 CH GMT+7","Cha mẹ","Miền Nam (bao gồm Đông Nam Bộ và Đồng bằng sông Cửu Long)","Toán (Đại số / Giải tích)","Ngữ văn","Khác (Cha mẹ, thầy cô,...)","A01","Khác","Khác","Xác suất ""an toàn""","Không"
"2026/04/02 8:26:06 CH GMT+7","Cựu học sinh / sinh viên (Đã tốt nghiệp THPT)","Miền Nam (bao gồm Đông Nam Bộ và Đồng bằng sông Cửu Long)","Ngữ văn;GDKT&PL (Hoặc GDCD)","Toán (Hình học);Vật lý;Hóa học","[6.0 - 7.0)","Toán Văn Anh","[18 - 21)","Xét tuyển bằng điểm thi THPTQG","Vị thế tương đối;Xác suất ""an toàn"";Thứ hạng ước tính;Phân tích phổ điểm;So sánh tổ hợp","Điểm Văn cao xíu cỡ 8.0"
"2026/04/02 8:31:06 CH GMT+7","Cha mẹ","Miền Trung (bao gồm Bắc Trung Bộ, Duyên hải Nam Trung Bộ, và Tây Nguyên)","Toán (Đại số / Giải tích)","Toán (Hình học)","Khác (Cha mẹ, thầy cô,...)","A01","[21 - 24)","Xét tuyển bằng điểm thi THPTQG","Xác suất ""an toàn""","Không"
"2026/04/02 9:08:10 CH GMT+7","Lớp 10","Miền Nam (bao gồm Đông Nam Bộ và Đồng bằng sông Cửu Long)","Toán (Đại số / Giải tích);Ngữ văn","Toán (Hình học);Tiếng Anh","Mình đang là học sinh lớp 10 nên chưa biết","KHỐI D00","[24 - 27)","Đủ điều kiện xét học bạ / ĐGNL","Xác suất ""an toàn""","không"
"2026/04/02 9:10:29 CH GMT+7","Lớp 10","Miền Nam (bao gồm Đông Nam Bộ và Đồng bằng sông Cửu Long)","Ngữ văn;Tiếng Anh;Vật lý","Toán (Đại số / Giải tích)","[8.0 - 9.0)","Toán Lý Anh","[21 - 24)","Xét tuyển bằng điểm thi THPTQG","Xác suất ""an toàn""","Dạ em không có ý kiến."
"2026/04/02 9:15:56 CH GMT+7","Lớp 10","Miền Nam (bao gồm Đông Nam Bộ và Đồng bằng sông Cửu Long)","Toán (Hình học);Hóa học;Sinh học","Toán (Đại số / Giải tích)","[8.0 - 9.0)","B00-Toán Hóa Sinh","[27 - 30]","Đủ điều kiện xét học bạ / ĐGNL","Vị thế tương đối",""
"2026/04/02 9:41:19 CH GMT+7","Cha mẹ","Miền Nam (bao gồm Đông Nam Bộ và Đồng bằng sông Cửu Long)","Toán (Đại số / Giải tích);Ngữ văn;Tiếng Anh","Địa lý;GDKT&PL (Hoặc GDCD)","[9.0 - 10.0]","A01","[27 - 30]","Xét tuyển bằng điểm thi THPTQG","Xác suất ""an toàn""",""
"2026/04/02 9:49:39 CH GMT+7","Lớp 10","Miền Nam (bao gồm Đông Nam Bộ và Đồng bằng sông Cửu Long)","Toán (Đại số / Giải tích);Toán (Hình học)","Tiếng Anh","[9.0 - 10.0]",".","[21 - 24)","Xét tuyển bằng điểm thi THPTQG","Vị thế tương đối","."
"2026/04/02 9:49:56 CH GMT+7","Cha mẹ","Miền Nam (bao gồm Đông Nam Bộ và Đồng bằng sông Cửu Long)","Toán (Hình học);Hóa học","Toán (Hình học);Vật lý","Khác (Cha mẹ, thầy cô,...)","A00","[24 - 27)","Đủ điều kiện xét học bạ / ĐGNL","Xác suất ""an toàn"";Thứ hạng ước tính;Phân tích phổ điểm;So sánh tổ hợp","khong"
"2026/04/02 10:01:49 CH GMT+7","Lớp 10","Miền Nam (bao gồm Đông Nam Bộ và Đồng bằng sông Cửu Long)","Toán (Đại số / Giải tích);Tiếng Anh;Vật lý","Toán (Đại số / Giải tích);Toán (Hình học)","Mình đang là học sinh lớp 10 nên chưa biết","A01","[24 - 27)","Đủ điều kiện xét học bạ / ĐGNL","Xác suất ""an toàn"";Thứ hạng ước tính;So sánh tổ hợp","mình muốn mình có thể đạt được kết quả cao hơn so với kì vọng, nếu có thể thì đó là đạt top 10 của Thành Phố Hồ Chí Minh."
"2026/04/02 10:02:02 CH GMT+7","Lớp 10","Miền Nam (bao gồm Đông Nam Bộ và Đồng bằng sông Cửu Long)","Ngữ văn;Lịch sử;Địa lý","Toán (Hình học);Tiếng Anh;Vật lý","[7.0 - 8.0)","khối C","[24 - 27)","Xét tuyển bằng điểm thi THPTQG","Phân tích phổ điểm;So sánh tổ hợp","thi tốt là được"
"2026/04/02 10:16:04 CH GMT+7","Lớp 10","Miền Nam (bao gồm Đông Nam Bộ và Đồng bằng sông Cửu Long)","Toán (Đại số / Giải tích);Toán (Hình học);Ngữ văn;Tiếng Anh;Vật lý;Hóa học;Sinh học;Lịch sử;Địa lý;GDKT&PL (Hoặc GDCD);Tin học;Công nghệ nông nghiệp;","Lịch sử;Địa lý","[8.0 - 9.0)","Toán ","[21 - 24)","Lấy điểm để đi du học hoặc xét tuyển riêng.","Xác suất ""an toàn""",""
"2026/04/02 10:25:49 CH GMT+7","Cha mẹ","Miền Nam (bao gồm Đông Nam Bộ và Đồng bằng sông Cửu Long)","Tiếng Anh;Sinh học","Vật lý;Hóa học","[9.0 - 10.0]","D01","[27 - 30]","Xét tuyển bằng điểm thi THPTQG","Vị thế tương đối;Xác suất ""an toàn"";Phân tích phổ điểm",""
"2026/04/02 10:30:55 CH GMT+7","Lớp 12","Miền Nam (bao gồm Đông Nam Bộ và Đồng bằng sông Cửu Long)","Toán (Đại số / Giải tích);Toán (Hình học)","Hóa học","[8.0 - 9.0)","Toán Lý Hoá","[24 - 27)","Xét tuyển bằng điểm thi THPTQG","Xác suất ""an toàn""",""
"2026/04/02 10:31:31 CH GMT+7","Lớp 10","Miền Nam (bao gồm Đông Nam Bộ và Đồng bằng sông Cửu Long)","Toán (Đại số / Giải tích);Toán (Hình học);Vật lý;Hóa học","Ngữ văn","Mình đang là học sinh lớp 10 nên chưa biết","A01","[27 - 30]","Đủ điều kiện xét học bạ / ĐGNL","Xác suất ""an toàn""",""
"2026/04/02 10:35:29 CH GMT+7","Thí sinh tự do","Miền Nam (bao gồm Đông Nam Bộ và Đồng bằng sông Cửu Long)","Toán (Đại số / Giải tích);Tiếng Anh;Vật lý","Hóa học;Sinh học;Lịch sử","[8.0 - 9.0)","toán lý anh","[21 - 24)","Xét tuyển bằng điểm thi THPTQG","Xác suất ""an toàn""",""
"2026/04/02 10:35:31 CH GMT+7","Lớp 12","Miền Bắc (bao gồm Trung du và miền núi Bắc Bộ, và Đồng bằng sông Hồng)","Tiếng Anh;Hóa học","Toán (Đại số / Giải tích);Toán (Hình học);Ngữ văn","[9.0 - 10.0]","D07","[21 - 24)","Xét tuyển bằng điểm thi THPTQG","Xác suất ""an toàn""","Không"
"2026/04/02 10:44:42 CH GMT+7","Lớp 11","Miền Nam (bao gồm Đông Nam Bộ và Đồng bằng sông Cửu Long)","Ngữ văn;Tiếng Anh;Lịch sử","Toán (Đại số / Giải tích);Hóa học;Sinh học","[9.0 - 10.0]","Văn, Sử, Anh","[24 - 27)","Xét tuyển bằng điểm thi THPTQG","Phân tích phổ điểm;So sánh tổ hợp","Mình mong muốn điểm của mình có thể xét tuyển vào trường đại học mình muốn học nhất"
"2026/04/02 10:45:29 CH GMT+7","Lớp 12","Miền Nam (bao gồm Đông Nam Bộ và Đồng bằng sông Cửu Long)","Ngữ văn","Toán (Đại số / Giải tích);Toán (Hình học);Hóa học;Sinh học","[9.0 - 10.0]","Toán, Hóa, Sinh","[24 - 27)","Chỉ để xét tốt nghiệp THPT / Thi cho có","Xác suất ""an toàn""",""
"2026/04/02 10:46:31 CH GMT+7","Lớp 11","Miền Nam (bao gồm Đông Nam Bộ và Đồng bằng sông Cửu Long)","Ngữ văn;Tiếng Anh;Lịch sử","Toán (Đại số / Giải tích);Toán (Hình học);Vật lý;Hóa học;Sinh học;GDKT&PL (Hoặc GDCD)","[9.0 - 10.0]","Văn, Sử, Anh","[24 - 27)","Xét tuyển bằng điểm thi THPTQG","Phân tích phổ điểm;So sánh tổ hợp","Mình mong muốn đó là khi cầm kết quả của mình sẽ đậu vào trường mà mình mơ ước được bước vào để có thể bước tiếp và định hướng nghề nghiệp cho tương lai"
"2026/04/02 10:48:35 CH GMT+7","Lớp 10","Miền Nam (bao gồm Đông Nam Bộ và Đồng bằng sông Cửu Long)","Toán (Đại số / Giải tích);Toán (Hình học);Tiếng Anh;Vật lý","Ngữ văn;Hóa học;Sinh học;Tin học","[8.0 - 9.0)","A01","[27 - 30]","Xét tuyển bằng điểm thi THPTQG","Xác suất ""an toàn""","chỉ muốn biết mình có đậu được hay không"
"2026/04/02 11:40:20 CH GMT+7","Cựu học sinh / sinh viên (Đã tốt nghiệp THPT)","Miền Nam (bao gồm Đông Nam Bộ và Đồng bằng sông Cửu Long)","GDKT&PL (Hoặc GDCD)","Toán (Đại số / Giải tích)","[8.0 - 9.0)","C00","[24 - 27)","Đủ điều kiện xét học bạ / ĐGNL","Xác suất ""an toàn""",""
"2026/04/02 11:40:28 CH GMT+7","Cựu học sinh / sinh viên (Đã tốt nghiệp THPT)","Miền Nam (bao gồm Đông Nam Bộ và Đồng bằng sông Cửu Long)","Toán (Đại số / Giải tích);Toán (Hình học);Hóa học;Sinh học","Ngữ văn;Tiếng Anh","[8.0 - 9.0)","Tự nhiên","[24 - 27)","Xét tuyển bằng điểm thi THPTQG","Xác suất ""an toàn""",""
"2026/04/02 11:42:42 CH GMT+7","Cựu học sinh / sinh viên (Đã tốt nghiệp THPT)","Miền Nam (bao gồm Đông Nam Bộ và Đồng bằng sông Cửu Long)","Lịch sử;Địa lý;GDKT&PL (Hoặc GDCD)","Toán (Đại số / Giải tích);Toán (Hình học);Tiếng Anh;Vật lý;Hóa học;Sinh học","Khác (Cha mẹ, thầy cô,...)","D","[27 - 30]","Lấy điểm để đi du học hoặc xét tuyển riêng.","Thứ hạng ước tính",""
"2026/04/03 12:10:24 SA GMT+7","Lớp 12","Miền Nam (bao gồm Đông Nam Bộ và Đồng bằng sông Cửu Long)","Toán (Đại số / Giải tích);Toán (Hình học);Ngữ văn;Tiếng Anh;Vật lý","Tiếng Anh;Vật lý","[8.0 - 9.0)","Toán văn anh","[24 - 27)","Xét tuyển bằng điểm thi THPTQG","Xác suất ""an toàn""",""
"2026/04/03 6:06:27 SA GMT+7","Lớp 10","Miền Nam (bao gồm Đông Nam Bộ và Đồng bằng sông Cửu Long)","Toán (Đại số / Giải tích);Tiếng Anh;Vật lý","Toán (Hình học);Tiếng Anh;Vật lý","[8.0 - 9.0)","A00 và A01","[21 - 24)","Xét tuyển bằng điểm thi THPTQG","Vị thế tương đối;Xác suất ""an toàn"";Thứ hạng ước tính;Phân tích phổ điểm;So sánh tổ hợp","sẽ có "
"2026/04/03 6:55:25 SA GMT+7","Lớp 10","Miền Bắc (bao gồm Trung du và miền núi Bắc Bộ, và Đồng bằng sông Hồng)","Ngữ văn;Tiếng Anh","Toán (Đại số / Giải tích);Toán (Hình học);Hóa học;Sinh học;Địa lý;Tin học;Công nghệ công nghiệp","Mình đang là học sinh lớp 10 nên chưa biết","Khối D","[27 - 30]","Xét tuyển bằng điểm thi THPTQG","Thứ hạng ước tính;Phân tích phổ điểm;So sánh tổ hợp",""
"2026/04/03 8:40:03 SA GMT+7","Lớp 10","Miền Nam (bao gồm Đông Nam Bộ và Đồng bằng sông Cửu Long)","Hóa học;Sinh học","Toán (Hình học);Ngữ văn","[8.0 - 9.0)","Toán, Hía , Sinh","[24 - 27)","Xét tuyển bằng điểm thi THPTQG","Xác suất ""an toàn""","Muốn biết điểm số có khả năng đậu vào đại học mình mong muốn không và so sánh để biết năng lực mình ở mức độ nào."
"2026/04/03 8:40:27 SA GMT+7","Lớp 10","Miền Nam (bao gồm Đông Nam Bộ và Đồng bằng sông Cửu Long)","Toán (Đại số / Giải tích);Toán (Hình học);Ngữ văn;Tiếng Anh;Hóa học;Sinh học;Tin học","Địa lý","[8.0 - 9.0)","Tự nhiên","[24 - 27)","Xét tuyển bằng điểm thi THPTQG","Vị thế tương đối;Xác suất ""an toàn"";Thứ hạng ước tính","Muốn biết kết quả xứng đáng với công sức rèn luyện học tập của mình không ."
"2026/04/03 9:55:35 SA GMT+7","Cựu học sinh / sinh viên (Đã tốt nghiệp THPT)","Miền Nam (bao gồm Đông Nam Bộ và Đồng bằng sông Cửu Long)","Toán (Đại số / Giải tích);Toán (Hình học);Tiếng Anh;Vật lý;Hóa học","Sinh học;Lịch sử;Địa lý","[8.0 - 9.0)","A00","[24 - 27)","Chỉ để xét tốt nghiệp THPT / Thi cho có","Xác suất ""an toàn""",""
"2026/04/03 10:17:06 SA GMT+7","Lớp 10","Miền Nam (bao gồm Đông Nam Bộ và Đồng bằng sông Cửu Long)","Ngữ văn;","Tiếng Anh;Vật lý","Mình đang là học sinh lớp 10 nên chưa biết","M03","[24 - 27)","Đủ điều kiện xét học bạ / ĐGNL","Xác suất ""an toàn""","Chỉ muốn đậu đại học và không có mong muốn nào khác "
"2026/04/03 10:21:11 SA GMT+7","Lớp 12","Miền Nam (bao gồm Đông Nam Bộ và Đồng bằng sông Cửu Long)","Toán (Đại số / Giải tích);Vật lý;Hóa học","Hóa học","[8.0 - 9.0)","A00","[27 - 30]","Xét tuyển bằng điểm thi THPTQG","Vị thế tương đối",""
"2026/04/03 10:34:14 SA GMT+7","Lớp 10","Miền Nam (bao gồm Đông Nam Bộ và Đồng bằng sông Cửu Long)","Toán (Đại số / Giải tích);Ngữ văn;Tiếng Anh","Toán (Hình học)","[8.0 - 9.0)","D01","[27 - 30]","Xét tuyển bằng điểm thi THPTQG","Xác suất ""an toàn""",""
"2026/04/03 11:03:59 SA GMT+7","Lớp 10","Miền Nam (bao gồm Đông Nam Bộ và Đồng bằng sông Cửu Long)","Toán (Đại số / Giải tích);Toán (Hình học);Ngữ văn;Vật lý;Sinh học;Địa lý","Toán (Đại số / Giải tích);Toán (Hình học);Vật lý","[7.0 - 8.0)","C00 và H00","[18 - 21)","Xét tuyển bằng điểm thi THPTQG","Vị thế tương đối",""
"2026/04/03 11:03:59 SA GMT+7","Lớp 10","Miền Nam (bao gồm Đông Nam Bộ và Đồng bằng sông Cửu Long)","Toán (Hình học);Tiếng Anh;Tin học","Toán (Đại số / Giải tích);Vật lý;Hóa học","[8.0 - 9.0)","A00, A01, A0T","[24 - 27)","Xét tuyển bằng điểm thi THPTQG","Vị thế tương đối;Xác suất ""an toàn"";Phân tích phổ điểm;So sánh tổ hợp","Muốn biết có danh sách lớp hay chưa:))"
"2026/04/03 11:10:57 SA GMT+7","Lớp 11","Miền Nam (bao gồm Đông Nam Bộ và Đồng bằng sông Cửu Long)","Tiếng Anh;Hóa học","Toán (Đại số / Giải tích);Toán (Hình học)","[8.0 - 9.0)","Toán Hoá Anh","[24 - 27)","Xét tuyển bằng điểm thi THPTQG","Xác suất ""an toàn"";Thứ hạng ước tính;Phân tích phổ điểm;So sánh tổ hợp","Đậu trường top"
"2026/04/03 11:14:06 SA GMT+7","Lớp 10","Miền Nam (bao gồm Đông Nam Bộ và Đồng bằng sông Cửu Long)","Tiếng Anh;Địa lý","Toán (Đại số / Giải tích);Toán (Hình học);Tiếng Anh","Mình đang là học sinh lớp 10 nên chưa biết","địa anh ","[21 - 24)","Đủ điều kiện xét học bạ / ĐGNL","Xác suất ""an toàn""","Mình muốn đậu Đại học Ngoại Thương "
"2026/04/03 11:14:51 SA GMT+7","Lớp 10","Miền Nam (bao gồm Đông Nam Bộ và Đồng bằng sông Cửu Long)","Lịch sử;Địa lý","Tiếng Anh","[8.0 - 9.0)","Toán Địa Năng Khiếu TDTT","[24 - 27)","Xét tuyển bằng điểm thi THPTQG","Phân tích phổ điểm","không có"
"2026/04/03 11:20:27 SA GMT+7","Lớp 10","Miền Nam (bao gồm Đông Nam Bộ và Đồng bằng sông Cửu Long)","Ngữ văn;Địa lý","Toán (Đại số / Giải tích);Toán (Hình học)","[6.0 - 7.0)","văn,sử,địa","[21 - 24)","Xét tuyển bằng điểm thi THPTQG","Xác suất ""an toàn""","không"
"2026/04/03 11:20:56 SA GMT+7","Lớp 10","Miền Nam (bao gồm Đông Nam Bộ và Đồng bằng sông Cửu Long)","Tiếng Anh","Toán (Đại số / Giải tích);Toán (Hình học);Ngữ văn;Vật lý;Hóa học;Sinh học;Lịch sử;Địa lý;GDKT&PL (Hoặc GDCD);Tin học;Công nghệ công nghiệp;Công nghệ nông nghiệp;","[8.0 - 9.0)","A01 và D01","[27 - 30]","Xét tuyển bằng điểm thi THPTQG","Xác suất ""an toàn"";Phân tích phổ điểm","em chỉ muốn đậu thôi k cần top gì hết"
"2026/04/03 11:22:32 SA GMT+7","Lớp 10","Miền Nam (bao gồm Đông Nam Bộ và Đồng bằng sông Cửu Long)","Tiếng Anh","Toán (Đại số / Giải tích);Toán (Hình học);Ngữ văn;Vật lý;Hóa học;Sinh học;Lịch sử;Địa lý;GDKT&PL (Hoặc GDCD);Tin học;Công nghệ công nghiệp;Công nghệ nông nghiệp;","[8.0 - 9.0)","D01 và A01","[27 - 30]","Xét tuyển bằng điểm thi THPTQG","Xác suất ""an toàn"";So sánh tổ hợp","em chỉ muốn đậu đại học"
"2026/04/03 11:27:14 SA GMT+7","Lớp 10","Miền Nam (bao gồm Đông Nam Bộ và Đồng bằng sông Cửu Long)","Công nghệ công nghiệp","Toán (Hình học)","Mình đang là học sinh lớp 10 nên chưa biết","A00","[18 - 21)","Xét tuyển bằng điểm thi THPTQG","Xác suất ""an toàn""",""
"2026/04/03 11:30:13 SA GMT+7","Lớp 10","Miền Nam (bao gồm Đông Nam Bộ và Đồng bằng sông Cửu Long)","Toán (Đại số / Giải tích);Toán (Hình học);Tiếng Anh;Vật lý;Tin học","Tiếng Anh","Mình đang là học sinh lớp 10 nên chưa biết","A00","[21 - 24)","Xét tuyển bằng điểm thi THPTQG","Vị thế tương đối",""
"2026/04/03 11:33:07 SA GMT+7","Lớp 10","Miền Nam (bao gồm Đông Nam Bộ và Đồng bằng sông Cửu Long)","Ngữ văn;Lịch sử;GDKT&PL (Hoặc GDCD)","Toán (Đại số / Giải tích);Toán (Hình học);Hóa học","[8.0 - 9.0)","D01 - C03","[21 - 24)","Xét tuyển bằng điểm thi THPTQG","Vị thế tương đối;Xác suất ""an toàn"";Thứ hạng ước tính;Phân tích phổ điểm;So sánh tổ hợp",""
"2026/04/03 11:34:51 SA GMT+7","Lớp 10","Miền Nam (bao gồm Đông Nam Bộ và Đồng bằng sông Cửu Long)","Tiếng Anh;Lịch sử","Tiếng Anh;Lịch sử","[8.0 - 9.0)","Anh Lý Sử","[27 - 30]","Xét tuyển bằng điểm thi THPTQG","Vị thế tương đối;Xác suất ""an toàn"";Thứ hạng ước tính;Phân tích phổ điểm;So sánh tổ hợp","Muốn biết mình có đậu không là được rồi "
"2026/04/03 11:46:26 SA GMT+7","Cha mẹ","Miền Nam (bao gồm Đông Nam Bộ và Đồng bằng sông Cửu Long)","Công nghệ công nghiệp","Công nghệ nông nghiệp","Khác (Cha mẹ, thầy cô,...)","Dự học ","Khác","Khác","Thứ hạng ước tính",""
"2026/04/03 11:53:22 SA GMT+7","Lớp 11","Miền Nam (bao gồm Đông Nam Bộ và Đồng bằng sông Cửu Long)","Toán (Đại số / Giải tích);Ngữ văn;Tiếng Anh;Vật lý","Toán (Đại số / Giải tích);Toán (Hình học);Vật lý","[8.0 - 9.0)","Tổ hợp toán văn anh","[21 - 24)","Xét tuyển bằng điểm thi THPTQG","Xác suất ""an toàn"";Phân tích phổ điểm;So sánh tổ hợp",""
"2026/04/03 11:53:47 SA GMT+7","Lớp 10","Miền Nam (bao gồm Đông Nam Bộ và Đồng bằng sông Cửu Long)","Toán (Đại số / Giải tích);Ngữ văn;Tiếng Anh;Lịch sử","Toán (Đại số / Giải tích);Tiếng Anh","[8.0 - 9.0)","C03 D01","[21 - 24)","Xét tuyển bằng điểm thi THPTQG","Xác suất ""an toàn""",""
"2026/04/03 12:22:34 CH GMT+7","Lớp 10","Miền Nam (bao gồm Đông Nam Bộ và Đồng bằng sông Cửu Long)","Toán (Đại số / Giải tích);Ngữ văn;Tiếng Anh","Vật lý;Hóa học;Sinh học","Mình đang là học sinh lớp 10 nên chưa biết","A01","[21 - 24)","Xét tuyển bằng điểm thi THPTQG","Xác suất ""an toàn"";",""
"2026/04/03 12:23:14 CH GMT+7","Lớp 10","Miền Nam (bao gồm Đông Nam Bộ và Đồng bằng sông Cửu Long)","Toán (Đại số / Giải tích);Ngữ văn;Tiếng Anh","Toán (Hình học);Ngữ văn;Tiếng Anh","[6.0 - 7.0)","A01","[24 - 27)","Xét tuyển bằng điểm thi THPTQG","Xác suất ""an toàn""",""
"2026/04/03 12:45:18 CH GMT+7","Cựu học sinh / sinh viên (Đã tốt nghiệp THPT)","Miền Nam (bao gồm Đông Nam Bộ và Đồng bằng sông Cửu Long)","Toán (Đại số / Giải tích);Toán (Hình học);Tiếng Anh;Vật lý;Hóa học","Ngữ văn;Lịch sử;Địa lý","[8.0 - 9.0)","A00","[24 - 27)","Lấy điểm để đi du học hoặc xét tuyển riêng.","Xác suất ""an toàn""",""
"2026/04/03 3:30:57 CH GMT+7","Lớp 10","Miền Nam (bao gồm Đông Nam Bộ và Đồng bằng sông Cửu Long)","Tiếng Anh;Hóa học","Toán (Đại số / Giải tích);Toán (Hình học);Ngữ văn;Vật lý;Hóa học;Sinh học","Mình đang là học sinh lớp 10 nên chưa biết","Tổ hợp Toán Anh Văn","[24 - 27)","Khác","Xác suất ""an toàn""",""
"2026/04/03 3:31:03 CH GMT+7","Lớp 10","Miền Nam (bao gồm Đông Nam Bộ và Đồng bằng sông Cửu Long)","Thể dục","Toán (Đại số / Giải tích);Toán (Hình học);Ngữ văn;Tiếng Anh;Vật lý;Hóa học;Sinh học;Lịch sử;Địa lý;GDKT&PL (Hoặc GDCD);Tin học;Công nghệ công nghiệp;Công nghệ nông nghiệp","Mình ngại lắm / Không muốn trả lời","A00","[15 - 18)","Chỉ để xét tốt nghiệp THPT / Thi cho có","Xác suất ""an toàn""",""
"2026/04/03 4:06:41 CH GMT+7","Lớp 10","Miền Nam (bao gồm Đông Nam Bộ và Đồng bằng sông Cửu Long)","Toán (Đại số / Giải tích)","Tiếng Anh","[8.0 - 9.0)","D01","[21 - 24)","Xét tuyển bằng điểm thi THPTQG","Vị thế tương đối;Xác suất ""an toàn""",""
"2026/04/03 4:16:02 CH GMT+7","Lớp 10","Miền Nam (bao gồm Đông Nam Bộ và Đồng bằng sông Cửu Long)","Tiếng Anh","Toán (Đại số / Giải tích);Toán (Hình học);Vật lý","[8.0 - 9.0)","A01 và D01","[21 - 24)","Xét tuyển bằng điểm thi THPTQG","Xác suất ""an toàn""","mình mong đạt điểm cao trong dự tính để đậu nv1"
"2026/04/03 4:45:26 CH GMT+7","Lớp 10","Miền Nam (bao gồm Đông Nam Bộ và Đồng bằng sông Cửu Long)","Toán (Đại số / Giải tích);Ngữ văn;Tiếng Anh","Toán (Đại số / Giải tích)","[8.0 - 9.0)",".","[21 - 24)","Xét tuyển bằng điểm thi THPTQG","Xác suất ""an toàn""",""
"2026/04/03 4:49:25 CH GMT+7","Lớp 10","Miền Nam (bao gồm Đông Nam Bộ và Đồng bằng sông Cửu Long)","Ngữ văn;Lịch sử;GDKT&PL (Hoặc GDCD)","Toán (Đại số / Giải tích);Toán (Hình học);Vật lý","[9.0 - 10.0]","Văn - Sử - Toán","Khác","Xét tuyển bằng điểm thi THPTQG","Xác suất ""an toàn""","Đậu hay không "
"2026/04/03 5:07:18 CH GMT+7","Lớp 10","Miền Nam (bao gồm Đông Nam Bộ và Đồng bằng sông Cửu Long)","Toán (Đại số / Giải tích);Ngữ văn;Tiếng Anh","Vật lý;Hóa học;Sinh học","Mình đang là học sinh lớp 10 nên chưa biết","DO1","[27 - 30]","Lấy điểm để đi du học hoặc xét tuyển riêng.","Thứ hạng ước tính",""
"2026/04/03 5:08:21 CH GMT+7","Lớp 10","Miền Nam (bao gồm Đông Nam Bộ và Đồng bằng sông Cửu Long)","Ngữ văn;Tiếng Anh;Hóa học","Sinh học;GDKT&PL (Hoặc GDCD);Công nghệ công nghiệp","[9.0 - 10.0]","A00","[27 - 30]","Xét tuyển bằng điểm thi THPTQG","Xác suất ""an toàn""",""
"2026/04/03 5:34:47 CH GMT+7","Lớp 11","Miền Nam (bao gồm Đông Nam Bộ và Đồng bằng sông Cửu Long)","Toán (Đại số / Giải tích);Ngữ văn;Tiếng Anh","Tiếng Anh","[7.0 - 8.0)","D01","[21 - 24)","Xét tuyển bằng điểm thi THPTQG","Xác suất ""an toàn"";Phân tích phổ điểm","Thứ hạng điểm của mình nằm trong khoảng top mấy của lớp/trường/..."
"2026/04/03 6:14:21 CH GMT+7","Lớp 10","Miền Nam (bao gồm Đông Nam Bộ và Đồng bằng sông Cửu Long)","Toán (Đại số / Giải tích);Ngữ văn;Tiếng Anh;Vật lý","Toán (Đại số / Giải tích);Vật lý","[6.0 - 7.0)","A01","[18 - 21)","Xét tuyển bằng điểm thi THPTQG","Xác suất ""an toàn""","muốn so sánh điểm của bạn bè một cách ẩn danh"
"2026/04/03 6:26:20 CH GMT+7","Lớp 10","Miền Nam (bao gồm Đông Nam Bộ và Đồng bằng sông Cửu Long)","Ngữ văn;Tiếng Anh","Toán (Đại số / Giải tích);Toán (Hình học)","[8.0 - 9.0)","toán văn anh","[27 - 30]","Đủ điều kiện xét học bạ / ĐGNL","Xác suất ""an toàn""","đậu đại học"
"2026/04/03 6:27:04 CH GMT+7","Lớp 10","Miền Nam (bao gồm Đông Nam Bộ và Đồng bằng sông Cửu Long)","Toán (Đại số / Giải tích);Toán (Hình học)","Vật lý","[8.0 - 9.0)","toán văn anh","[24 - 27)","Đủ điều kiện xét học bạ / ĐGNL","Xác suất ""an toàn""","đậu đại học"
"2026/04/03 6:34:19 CH GMT+7","Lớp 10","Miền Nam (bao gồm Đông Nam Bộ và Đồng bằng sông Cửu Long)","Địa lý","Toán (Đại số / Giải tích);Toán (Hình học);Ngữ văn;Tiếng Anh","Mình ngại lắm / Không muốn trả lời","Địa lý ","Khác","Khác","Xác suất ""an toàn""","muốn trên trung bình là được "
"2026/04/03 6:37:00 CH GMT+7","Lớp 10","Miền Nam (bao gồm Đông Nam Bộ và Đồng bằng sông Cửu Long)","Toán (Đại số / Giải tích);Toán (Hình học);Ngữ văn;Tiếng Anh;Vật lý;Hóa học;Sinh học;Lịch sử;Địa lý;GDKT&PL (Hoặc GDCD);Tin học;Công nghệ công nghiệp;Công nghệ nông nghiệp;","Toán (Đại số / Giải tích);Toán (Hình học);Ngữ văn;Tiếng Anh;Vật lý;Hóa học;Sinh học;Lịch sử;Địa lý;GDKT&PL (Hoặc GDCD);Tin học;Công nghệ công nghiệp;Công nghệ nông nghiệp","Mình ngại lắm / Không muốn trả lời","tổ hợp tự nhiên","Khác","Khác","Vị thế tương đối","ko"
"2026/04/03 6:37:31 CH GMT+7","Lớp 11","Miền Nam (bao gồm Đông Nam Bộ và Đồng bằng sông Cửu Long)","Tiếng Anh;Lịch sử;Địa lý","Tin học;Công nghệ công nghiệp;Công nghệ nông nghiệp","[6.0 - 7.0)","C00","Khác","Xét tuyển bằng điểm thi THPTQG","Thứ hạng ước tính","Muốn biết có thuộc Top không"
"2026/04/03 7:27:20 CH GMT+7","Lớp 10","Miền Nam (bao gồm Đông Nam Bộ và Đồng bằng sông Cửu Long)","Sinh học","Toán (Đại số / Giải tích)","[7.0 - 8.0)","Toán - Hoá - Sinh","[27 - 30]","Xét tuyển bằng điểm thi THPTQG","Xác suất ""an toàn"";Phân tích phổ điểm;So sánh tổ hợp","Xem bản thân có đủ điều kiện để đạt được nguyện vọng hay không."
"2026/04/03 8:27:59 CH GMT+7","Lớp 11","Miền Nam (bao gồm Đông Nam Bộ và Đồng bằng sông Cửu Long)","Toán (Đại số / Giải tích)","Vật lý","[8.0 - 9.0)","Toán Lí Hoá","[18 - 21)","Đủ điều kiện xét học bạ / ĐGNL","Vị thế tương đối;Phân tích phổ điểm;So sánh tổ hợp",""
"2026/04/03 8:29:19 CH GMT+7","Lớp 11","Miền Nam (bao gồm Đông Nam Bộ và Đồng bằng sông Cửu Long)","Toán (Đại số / Giải tích)","Tiếng Anh;Vật lý","Mình ngại lắm / Không muốn trả lời","Toán Lí Hoá","[18 - 21)","Đủ điều kiện xét học bạ / ĐGNL","So sánh tổ hợp",""
"2026/04/03 8:32:03 CH GMT+7","Lớp 10","Miền Nam (bao gồm Đông Nam Bộ và Đồng bằng sông Cửu Long)","Ngữ văn;Tiếng Anh;Vật lý","Toán (Đại số / Giải tích);Toán (Hình học);Tiếng Anh;Vật lý","[6.0 - 7.0)","Hav shzvz","[18 - 21)","Đủ điều kiện xét học bạ / ĐGNL","Xác suất ""an toàn"";So sánh tổ hợp","Shbsbaah"
"2026/04/03 9:27:40 CH GMT+7","Lớp 10","Miền Nam (bao gồm Đông Nam Bộ và Đồng bằng sông Cửu Long)","Toán (Đại số / Giải tích);Ngữ văn;Tiếng Anh","Vật lý;Hóa học;Sinh học","[7.0 - 8.0)","toán văn anh","[24 - 27)","Đủ điều kiện xét học bạ / ĐGNL","Xác suất ""an toàn""","không"
"2026/04/03 9:43:41 CH GMT+7","Lớp 10","Miền Nam (bao gồm Đông Nam Bộ và Đồng bằng sông Cửu Long)","Toán (Đại số / Giải tích);Vật lý;Hóa học","Ngữ văn;Tiếng Anh;Sinh học","[8.0 - 9.0)","ko","[24 - 27)","Xét tuyển bằng điểm thi THPTQG","Xác suất ""an toàn""",""
"2026/04/03 9:44:18 CH GMT+7","Lớp 10","Miền Nam (bao gồm Đông Nam Bộ và Đồng bằng sông Cửu Long)","Toán (Đại số / Giải tích);Tiếng Anh;Vật lý","Ngữ văn;Hóa học;Sinh học","[7.0 - 8.0)","A01","[21 - 24)","Xét tuyển bằng điểm thi THPTQG","Xác suất ""an toàn""",""
"2026/04/03 9:45:14 CH GMT+7","Lớp 10","Miền Nam (bao gồm Đông Nam Bộ và Đồng bằng sông Cửu Long)","Toán (Đại số / Giải tích)","Toán (Đại số / Giải tích)","[8.0 - 9.0)","Toán lý hoá","[27 - 30]","Xét tuyển bằng điểm thi THPTQG","Phân tích phổ điểm",""
"2026/04/03 9:46:22 CH GMT+7","Lớp 10","Miền Nam (bao gồm Đông Nam Bộ và Đồng bằng sông Cửu Long)","Toán (Đại số / Giải tích);Tiếng Anh;Vật lý","Hóa học;Sinh học;Lịch sử","[7.0 - 8.0)","A01","[24 - 27)","Xét tuyển bằng điểm thi THPTQG","Xác suất ""an toàn""",""
"2026/04/03 9:48:29 CH GMT+7","Lớp 10","Miền Nam (bao gồm Đông Nam Bộ và Đồng bằng sông Cửu Long)","Toán (Đại số / Giải tích);Ngữ văn;Tiếng Anh","Vật lý;Hóa học;Sinh học","[7.0 - 8.0)","A01","[21 - 24)","Xét tuyển bằng điểm thi THPTQG","Xác suất ""an toàn""",""
"2026/04/03 9:49:22 CH GMT+7","Lớp 10","Miền Nam (bao gồm Đông Nam Bộ và Đồng bằng sông Cửu Long)","Toán (Đại số / Giải tích);Toán (Hình học);Vật lý;Hóa học","Tiếng Anh","[8.0 - 9.0)","A00","[21 - 24)","Xét tuyển bằng điểm thi THPTQG","Xác suất ""an toàn""","Muốn vào được trường mong muốn là đủ
"
"2026/04/03 9:51:43 CH GMT+7","Thí sinh tự do","Miền Nam (bao gồm Đông Nam Bộ và Đồng bằng sông Cửu Long)","Toán (Đại số / Giải tích);Ngữ văn;Tiếng Anh","Vật lý;Hóa học;Sinh học","[6.0 - 7.0)","A00","[18 - 21)","Lấy điểm để đi du học hoặc xét tuyển riêng.","Thứ hạng ước tính","Muốn đậu visa Du Học Úc🩷"
"2026/04/03 9:53:06 CH GMT+7","Lớp 10","Miền Nam (bao gồm Đông Nam Bộ và Đồng bằng sông Cửu Long)","Toán (Đại số / Giải tích);Toán (Hình học);Hóa học;Sinh học","Tiếng Anh;Vật lý;Tin học","Mình đang là học sinh lớp 10 nên chưa biết","Toán văn hoá sinh","[21 - 24)","Xét tuyển bằng điểm thi THPTQG","Xác suất ""an toàn""",""
"2026/04/03 9:54:51 CH GMT+7","Lớp 10","Miền Nam (bao gồm Đông Nam Bộ và Đồng bằng sông Cửu Long)","Ngữ văn","Toán (Đại số / Giải tích);Toán (Hình học);Tiếng Anh;Vật lý;Hóa học;Sinh học;Lịch sử;Tin học","Mình đang là học sinh lớp 10 nên chưa biết","Chưa biết rõ","[24 - 27)","Đủ điều kiện xét học bạ / ĐGNL","Vị thế tương đối;Xác suất ""an toàn"";Thứ hạng ước tính;Phân tích phổ điểm;So sánh tổ hợp",""
"2026/04/03 9:56:23 CH GMT+7","Lớp 10","Miền Nam (bao gồm Đông Nam Bộ và Đồng bằng sông Cửu Long)","Toán (Đại số / Giải tích);Hóa học;Sinh học","Ngữ văn;Sinh học;Lịch sử;Địa lý","[9.0 - 10.0]","A00","[21 - 24)","Xét tuyển bằng điểm thi THPTQG","Thứ hạng ước tính;So sánh tổ hợp",""
"2026/04/03 9:57:18 CH GMT+7","Lớp 10","Miền Nam (bao gồm Đông Nam Bộ và Đồng bằng sông Cửu Long)","Toán (Đại số / Giải tích);Toán (Hình học);Ngữ văn;Tiếng Anh;Vật lý","Toán (Đại số / Giải tích);Toán (Hình học)","[8.0 - 9.0)","Toám - Văn - Anh","[24 - 27)","Xét tuyển bằng điểm thi THPTQG","Vị thế tương đối;Xác suất ""an toàn"";Thứ hạng ước tính;Phân tích phổ điểm;So sánh tổ hợp","Đủ điểm vào trường Đại học mơ ước"
"2026/04/03 9:57:57 CH GMT+7","Lớp 10","Miền Nam (bao gồm Đông Nam Bộ và Đồng bằng sông Cửu Long)","Toán (Đại số / Giải tích);Ngữ văn","Tiếng Anh;Vật lý","[7.0 - 8.0)","A00","[21 - 24)","Lấy điểm để đi du học hoặc xét tuyển riêng.","So sánh tổ hợp","chứng minh bản thân mình đã làm được chưa"
"2026/04/03 9:59:16 CH GMT+7","Lớp 12","Miền Nam (bao gồm Đông Nam Bộ và Đồng bằng sông Cửu Long)","Ngữ văn;Tiếng Anh;Vật lý;Lịch sử;Địa lý","Toán (Đại số / Giải tích);Toán (Hình học);Tin học","Mình ngại lắm / Không muốn trả lời","D01 A01","[24 - 27)","Xét tuyển bằng điểm thi THPTQG","Vị thế tương đối;Xác suất ""an toàn"";Thứ hạng ước tính;Phân tích phổ điểm;So sánh tổ hợp","Muốn thuộc top 100 nha"
"2026/04/03 10:00:27 CH GMT+7","Lớp 10","Miền Nam (bao gồm Đông Nam Bộ và Đồng bằng sông Cửu Long)","Toán (Đại số / Giải tích);Tiếng Anh","Toán (Hình học);Hóa học;Sinh học","[9.0 - 10.0]","Toán - Hoá - Sinh","[24 - 27)","Xét tuyển bằng điểm thi THPTQG","Xác suất ""an toàn""","Không"
"2026/04/03 10:01:47 CH GMT+7","Lớp 10","Miền Nam (bao gồm Đông Nam Bộ và Đồng bằng sông Cửu Long)","Ngữ văn;Tiếng Anh;Vật lý;Lịch sử;Địa lý","Toán (Đại số / Giải tích);Toán (Hình học);Tin học","[8.0 - 9.0)","D01 A01","[24 - 27)","Khác","Vị thế tương đối;Xác suất ""an toàn"";Thứ hạng ước tính;Phân tích phổ điểm;So sánh tổ hợp","Muốn thuộc top 100 nha"
"2026/04/03 10:03:31 CH GMT+7","Lớp 10","Miền Trung (bao gồm Bắc Trung Bộ, Duyên hải Nam Trung Bộ, và Tây Nguyên)","Toán (Đại số / Giải tích);Toán (Hình học);Ngữ văn;Tiếng Anh;Vật lý;Hóa học;Sinh học;Lịch sử;Địa lý;GDKT&PL (Hoặc GDCD);Tin học;Công nghệ công nghiệp","Công nghệ nông nghiệp","Mình ngại lắm / Không muốn trả lời","D01","[27 - 30]","Lấy điểm để đi du học hoặc xét tuyển riêng.","Vị thế tương đối;Xác suất ""an toàn"";Thứ hạng ước tính;Phân tích phổ điểm;So sánh tổ hợp","Biết mình ở vị trí top 100 TP hay không"
"2026/04/03 10:11:23 CH GMT+7","Lớp 10","Miền Nam (bao gồm Đông Nam Bộ và Đồng bằng sông Cửu Long)","Toán (Đại số / Giải tích)","Toán (Đại số / Giải tích)","[9.0 - 10.0]","Toán lý hóa ","[27 - 30]","Chỉ để xét tốt nghiệp THPT / Thi cho có","Vị thế tương đối",""
"2026/04/03 10:31:21 CH GMT+7","Lớp 10","Miền Trung (bao gồm Bắc Trung Bộ, Duyên hải Nam Trung Bộ, và Tây Nguyên)","Toán (Đại số / Giải tích);Toán (Hình học);Ngữ văn;Tiếng Anh;Lịch sử;Địa lý;Tin học","Vật lý;Hóa học;Sinh học;GDKT&PL (Hoặc GDCD);Công nghệ công nghiệp;Công nghệ nông nghiệp","Mình đang là học sinh lớp 10 nên chưa biết","D01","[21 - 24)","Xét tuyển bằng điểm thi THPTQG","Thứ hạng ước tính;Phân tích phổ điểm","không"
"2026/04/03 10:49:21 CH GMT+7","Lớp 10","Miền Nam (bao gồm Đông Nam Bộ và Đồng bằng sông Cửu Long)","Hóa học;","Toán (Đại số / Giải tích);Toán (Hình học)","Mình đang là học sinh lớp 10 nên chưa biết","D07","[21 - 24)","Xét tuyển bằng điểm thi THPTQG","Vị thế tương đối;Xác suất ""an toàn""",""
"2026/04/03 10:51:29 CH GMT+7","Lớp 10","Miền Nam (bao gồm Đông Nam Bộ và Đồng bằng sông Cửu Long)","Toán (Đại số / Giải tích);Tiếng Anh","Toán (Hình học);Vật lý","[8.0 - 9.0)","A01 và D01","[21 - 24)","Xét tuyển bằng điểm thi THPTQG","Xác suất ""an toàn""","muốn so sánh điểm với bạn bè một cách ẩn danh"
"2026/04/04 1:04:59 SA GMT+7","Lớp 10","Miền Nam (bao gồm Đông Nam Bộ và Đồng bằng sông Cửu Long)","Ngữ văn;Tiếng Anh;Vật lý","Toán (Hình học);Vật lý","[7.0 - 8.0)","D01","[21 - 24)","Xét tuyển bằng điểm thi THPTQG","Thứ hạng ước tính","Không có "
"2026/04/04 3:53:08 SA GMT+7","Lớp 10","Miền Nam (bao gồm Đông Nam Bộ và Đồng bằng sông Cửu Long)","Hóa học","Toán (Đại số / Giải tích);Toán (Hình học)","[8.0 - 9.0)","A00","[27 - 30]","Xét tuyển bằng điểm thi THPTQG","Xác suất ""an toàn""",""
"2026/04/04 10:43:44 SA GMT+7","Lớp 10","Miền Nam (bao gồm Đông Nam Bộ và Đồng bằng sông Cửu Long)","Ngữ văn","Toán (Đại số / Giải tích);Toán (Hình học);Tiếng Anh;Vật lý;Hóa học;Địa lý;GDKT&PL (Hoặc GDCD);Tin học;Công nghệ công nghiệp;Công nghệ nông nghiệp;","[7.0 - 8.0)","Văn, toán, sử anh hoặc văn, toán, sử, địa","[15 - 18)","Đủ điều kiện xét học bạ / ĐGNL","Vị thế tương đối;Xác suất ""an toàn"";Thứ hạng ước tính;Phân tích phổ điểm;So sánh tổ hợp",""
"2026/04/04 12:52:14 CH GMT+7","Lớp 10","Miền Nam (bao gồm Đông Nam Bộ và Đồng bằng sông Cửu Long)","Tiếng Anh","Toán (Đại số / Giải tích);Toán (Hình học);Vật lý;Tin học","[7.0 - 8.0)","Tiếng anh, Văn,sử","[24 - 27)","Lấy điểm để đi du học hoặc xét tuyển riêng.","Xác suất ""an toàn""","Ko biết
"
"2026/04/04 1:06:04 CH GMT+7","Lớp 10","Miền Nam (bao gồm Đông Nam Bộ và Đồng bằng sông Cửu Long)","Toán (Đại số / Giải tích);Toán (Hình học);Tiếng Anh;Vật lý","Hóa học;Sinh học;Lịch sử;Địa lý;GDKT&PL (Hoặc GDCD);Công nghệ công nghiệp;Công nghệ nông nghiệp","[6.0 - 7.0)","A01","[24 - 27)","Lấy điểm để đi du học hoặc xét tuyển riêng.","Phân tích phổ điểm","Không biết"
"2026/04/04 1:06:07 CH GMT+7","Lớp 10","Miền Nam (bao gồm Đông Nam Bộ và Đồng bằng sông Cửu Long)","Toán (Đại số / Giải tích);Địa lý","Tiếng Anh","[8.0 - 9.0)","c04","[24 - 27)","Xét tuyển bằng điểm thi THPTQG","Phân tích phổ điểm","có trong danh sách điểm cao ở trường"
"2026/04/04 2:04:55 CH GMT+7","Lớp 10","Miền Nam (bao gồm Đông Nam Bộ và Đồng bằng sông Cửu Long)","Ngữ văn;Lịch sử;Địa lý","Toán (Đại số / Giải tích);Toán (Hình học);Tiếng Anh","[7.0 - 8.0)","D14","[24 - 27)","Xét tuyển bằng điểm thi THPTQG","Thứ hạng ước tính",""
"2026/04/05 4:42:14 CH GMT+7","Lớp 12","Miền Nam (bao gồm Đông Nam Bộ và Đồng bằng sông Cửu Long)","Toán (Đại số / Giải tích);Toán (Hình học);Hóa học;Sinh học","Ngữ văn","[9.0 - 10.0]","Toán Hoá Sinh","[27 - 30]","Xét tuyển bằng điểm thi THPTQG","Vị thế tương đối;Thứ hạng ước tính",""
"2026/04/05 5:25:39 CH GMT+7","Cựu học sinh / sinh viên (Đã tốt nghiệp THPT)","Miền Bắc (bao gồm Trung du và miền núi Bắc Bộ, và Đồng bằng sông Hồng)","Toán (Đại số / Giải tích);Tiếng Anh;Vật lý","Toán (Hình học);Ngữ văn","[8.0 - 9.0)","A01","[24 - 27)","Xét tuyển bằng điểm thi THPTQG","Xác suất ""an toàn""",""
"2026/04/05 6:26:05 CH GMT+7","Lớp 10","Miền Nam (bao gồm Đông Nam Bộ và Đồng bằng sông Cửu Long)","Toán (Đại số / Giải tích);Hóa học;Sinh học","Toán (Đại số / Giải tích)","[8.0 - 9.0)","dạ toán hoá sinh khối b","[21 - 24)","Xét tuyển bằng điểm thi THPTQG","Xác suất ""an toàn""",""
"2026/04/05 6:43:44 CH GMT+7","Lớp 10","Miền Nam (bao gồm Đông Nam Bộ và Đồng bằng sông Cửu Long)","Tiếng Anh","Toán (Hình học);Ngữ văn;Sinh học","[9.0 - 10.0]","D01, B08","[24 - 27)","Xét tuyển bằng điểm thi THPTQG","Vị thế tương đối;Xác suất ""an toàn"";Thứ hạng ước tính;So sánh tổ hợp","Muốn biết mình thuộc top mấy của tỉnh, muốn biết điểm của các bạn một cách ẩn danh"
"2026/04/05 6:50:35 CH GMT+7","Lớp 10","Miền Nam (bao gồm Đông Nam Bộ và Đồng bằng sông Cửu Long)","Toán (Đại số / Giải tích);Tiếng Anh;Vật lý","Ngữ văn;Hóa học;Sinh học","[8.0 - 9.0)","Khối A01","[24 - 27)","Đủ điều kiện xét học bạ / ĐGNL","Vị thế tương đối;Xác suất ""an toàn"";Thứ hạng ước tính",""
"2026/04/05 9:20:55 CH GMT+7","Cựu học sinh / sinh viên (Đã tốt nghiệp THPT)","Miền Nam (bao gồm Đông Nam Bộ và Đồng bằng sông Cửu Long)","Lịch sử","Tiếng Anh","Mình ngại lắm / Không muốn trả lời","Văn Sử địa ","[21 - 24)","Xét tuyển bằng điểm thi THPTQG","Thứ hạng ước tính",""
"2026/04/06 6:51:57 CH GMT+7","Lớp 10","Miền Nam (bao gồm Đông Nam Bộ và Đồng bằng sông Cửu Long)","Toán (Đại số / Giải tích);Toán (Hình học);Ngữ văn;Hóa học;Sinh học","Tiếng Anh;Địa lý;GDKT&PL (Hoặc GDCD)","[9.0 - 10.0]","B00","[27 - 30]","Đủ điều kiện xét học bạ / ĐGNL","So sánh tổ hợp","mình muốn thuộc top 10 của TPHCM"
"2026/04/12 10:58:42 SA GMT+7","Lớp 12","Miền Nam (bao gồm Đông Nam Bộ và Đồng bằng sông Cửu Long)","Toán (Đại số / Giải tích);Tiếng Anh;Vật lý","Toán (Hình học)","[7.0 - 8.0)","Toán Lý Anh","[21 - 24)","Xét tuyển bằng điểm thi THPTQG","Xác suất ""an toàn"";So sánh tổ hợp","So sánh điểm với bạn bè"
"2026/04/12 3:49:50 CH GMT+7","Lớp 12","Miền Nam (bao gồm Đông Nam Bộ và Đồng bằng sông Cửu Long)","Tiếng Anh","Toán (Đại số / Giải tích)","[7.0 - 8.0)","D07","[18 - 21)","Xét tuyển bằng điểm thi THPTQG","Xác suất ""an toàn""","Đậu vào trường mình muốn "